Dataset	0.1	1	2	3	4	5	6	7	8	9	10	11	12	13	14	15	16	17	18	19	20	21	22	23	24	25	26	27	28	29	30	31	32	33	34	35	36	37	38	39	40	41	42	43	44	45	46	47	48	49	50	51	52	53	54	55	56	57	58	59	60	61	62	63	64	65	66	67	68	69	70	71	72	73	74	75	76	77	78	79	80	81	82	83	84	85	86	87	88	89	90	91	92	93	94	95	96	97	98	99	100
alexa.2014-09-01.random.10000-http	0.1127939908878217	0.4367688708287157	0.61753478635636	0.7443664573328408	0.8199729097401798	0.8768624553626401	0.911710380495013	0.9352296515207487	0.9524689077699791	0.9620736362516932	0.9683536510281985	0.9727866026351435	0.9759881787957149	0.9777121044206379	0.9796823051348357	0.981159955670484	0.9822681935722202	0.9836227065632311	0.9841152567417806	0.9843615318310553	0.9847309444649675	0.9852234946435169	0.9857160448220663	0.9858391823667036	0.9863317325452531	0.9867011451791652	0.98694742026844	0.9873168329023521	0.9881787957148136	0.9885482083487257	0.9887944834380005	0.9897795837950993	0.9901489964290114	0.9902721339736488	0.9908878216968355	0.9912572343307476	0.9915035094200224	0.9916266469646597	0.9917497845092971	0.9917497845092971	0.9918729220539344	0.9919960595985717	0.9923654722324838	0.993104297500308	0.9942125354020442	0.9945819480359563	0.9951976357591431	0.9963058736608793	0.9963058736608793	0.9964290112055166	0.9967984238394287	0.9969215613840661	0.9969215613840661	0.9971678364733408	0.9974141115626156	0.9976603866518904	0.9977835241965277	0.9977835241965277	0.997906661741165	0.9980297992858024	0.9983992119197145	0.9983992119197145	0.9983992119197145	0.9983992119197145	0.9985223494643518	0.9986454870089891	0.9986454870089891	0.9988917620982639	0.9988917620982639	0.9990148996429012	0.9991380371875386	0.9992611747321759	0.9992611747321759	0.9993843122768132	0.9995074498214506	0.9997537249107253	0.9998768624553627	0.9998768624553627	1	1	1	1	1	1	1	1	1	1	1	1	1	1	1	1	1	1	1	1	1	1	1
alexa.2014-09-01.random.10000-http-www	0.117752113346827	0.4467198476009049	0.6224550541731159	0.7497321109655912	0.823669484462436	0.8784379092749137	0.913799261816883	0.9378497440171449	0.9530896535301822	0.9632099059411835	0.9690439338016431	0.973568281938326	0.9767829503512323	0.9785688772472914	0.9799976187641386	0.9815454220740565	0.9828551017978331	0.9841647815216097	0.9847600904869627	0.9853553994523157	0.9858316466245981	0.9867841409691629	0.9871413263483747	0.9876175735206572	0.987974758899869	0.9880938206929396	0.9885700678652221	0.9885700678652221	0.9889272532444339	0.989165376830575	0.9895225622097868	0.989760685795928	0.9905941183474223	0.9909513037266341	0.9914275508989165	0.9916656744850577	0.9917847362781284	0.9920228598642695	0.9921419216573402	0.9922609834504108	0.9923800452434814	0.9923800452434814	0.9923800452434814	0.9928562924157639	0.9938087867603287	0.9949994046910348	0.9959518990355996	0.9961900226217407	0.9965472080009525	0.9966662697940232	0.9966662697940232	0.9966662697940232	0.9967853315870938	0.9969043933801645	0.9969043933801645	0.9971425169663056	0.9971425169663056	0.9974997023455174	0.9976187641385881	0.9977378259316587	0.9979759495177999	0.9980950113108705	0.9984521966900823	0.9984521966900823	0.998571258483153	0.9986903202762236	0.9988093820692943	0.9989284438623649	0.9990475056554355	0.9991665674485062	0.9992856292415768	0.999523752827718	0.9996428146207886	0.9996428146207886	0.9997618764138593	0.9997618764138593	0.9998809382069299	0.9998809382069299	0.9998809382069299	1.0000000000000004	1.0000000000000004	1.0000000000000004	1.0000000000000004	1.0000000000000004	1.0000000000000004	1.0000000000000004	1.0000000000000004	1.0000000000000004	1.0000000000000004	1.0000000000000004	1.0000000000000004	1.0000000000000004	1.0000000000000004	1.0000000000000004	1.0000000000000004	1.0000000000000004	1.0000000000000004	1.0000000000000004	1.0000000000000004	1.0000000000000004	1.0000000000000004
alexa.2014-09-01.random.10000-https	0.06529516994633273	0.3613595706618962	0.5420393559928444	0.6815742397137746	0.7745974955277282	0.8524150268336316	0.9033989266547406	0.9338103756708408	0.9525939177101967	0.964221824686941	0.9713774597495528	0.9740608228980322	0.9776386404293381	0.9803220035778175	0.9821109123434705	0.9830053667262969	0.9874776386404293	0.9892665474060822	0.9901610017889086	0.9901610017889086	0.9910554561717351	0.992844364937388	0.992844364937388	0.992844364937388	0.992844364937388	0.9937388193202145	0.9937388193202145	0.9946332737030409	0.9955277280858673	0.9955277280858673	0.9955277280858673	0.9955277280858673	0.9964221824686937	0.9964221824686937	0.9973166368515202	0.9973166368515202	0.9973166368515202	0.9973166368515202	0.9973166368515202	0.9973166368515202	0.9973166368515202	0.9973166368515202	0.9973166368515202	0.9982110912343466	0.999105545617173	0.999105545617173	0.999105545617173	0.999105545617173	0.999105545617173	0.999105545617173	0.999105545617173	0.999105545617173	0.999105545617173	0.999105545617173	0.999105545617173	0.999105545617173	0.999105545617173	0.999105545617173	0.9999999999999994	0.9999999999999994	0.9999999999999994	0.9999999999999994	0.9999999999999994	0.9999999999999994	0.9999999999999994	0.9999999999999994	0.9999999999999994	0.9999999999999994	0.9999999999999994	0.9999999999999994	0.9999999999999994	0.9999999999999994	0.9999999999999994	0.9999999999999994	0.9999999999999994	0.9999999999999994	0.9999999999999994	0.9999999999999994	0.9999999999999994	0.9999999999999994	0.9999999999999994	0.9999999999999994	0.9999999999999994	0.9999999999999994	0.9999999999999994	0.9999999999999994	0.9999999999999994	0.9999999999999994	0.9999999999999994	0.9999999999999994	0.9999999999999994	0.9999999999999994	0.9999999999999994	0.9999999999999994	0.9999999999999994	0.9999999999999994	0.9999999999999994	0.9999999999999994	0.9999999999999994	0.9999999999999994	0.9999999999999994
alexa.2014-09-01.random.10000-https-www	0.09563066776586975	0.4237427864798022	0.6084089035449299	0.7394888705688376	0.8120362737015664	0.8730420445177247	0.9051937345424568	0.9315746084089036	0.9439406430338005	0.9596042868920034	0.9670239076669416	0.9703215169002474	0.9736191261335532	0.9785655399835119	0.9802143446001649	0.9835119538334707	0.9843363561417972	0.9884583676834294	0.9884583676834294	0.9892827699917559	0.9901071723000824	0.9934047815333882	0.9942291838417147	0.9942291838417147	0.9950535861500411	0.9958779884583676	0.9967023907666941	0.9967023907666941	0.9967023907666941	0.9967023907666941	0.9967023907666941	0.9967023907666941	0.9975267930750206	0.9975267930750206	0.998351195383347	0.998351195383347	0.998351195383347	0.998351195383347	0.9991755976916735	0.9991755976916735	0.9991755976916735	0.9991755976916735	0.9991755976916735	1	1	1	1	1	1	1	1	1	1	1	1	1	1	1	1	1	1	1	1	1	1	1	1	1	1	1	1	1	1	1	1	1	1	1	1	1	1	1	1	1	1	1	1	1	1	1	1	1	1	1	1	1	1	1	1	1	1
alexa.2014-09-01.top.10000-http	0.0783132530120482	0.294235766595795	0.4248759744861801	0.5318922749822821	0.6137491141034728	0.6756437514764942	0.7308055752421451	0.7691944247578549	0.8028584927947082	0.8336876919442475	0.8563666430427592	0.8743208126624143	0.8888495157098985	0.8997165131112687	0.9110559886605245	0.9184975194897237	0.92570281124498	0.9321993857784078	0.9381053626269785	0.9437751004016064	0.9477911646586346	0.9525159461374911	0.9554689345617765	0.9587762815969761	0.9613749114103473	0.9633829435388613	0.9648003779825183	0.9666902905740609	0.967871485943775	0.9688164422395463	0.9705882352941175	0.9715331915898888	0.9723600283486887	0.9735412237184029	0.9747224190881171	0.976139853531774	0.9769666902905739	0.9785022442712024	0.9801559177888022	0.9815733522324591	0.9831089062130876	0.9848806992676588	0.9860618946373729	0.9862981337113158	0.9872430900070871	0.988660524450744	0.9899598393574296	0.9910229151901724	0.9919678714859437	0.9924403496338293	0.9931490668556578	0.9937396645405149	0.9938577840774863	0.9943302622253719	0.9944483817623433	0.9946846208362862	0.9952752185211432	0.9957476966690288	0.9963382943538859	0.9968107725017715	0.9969288920387429	0.9969288920387429	0.9971651311126858	0.9972832506496572	0.9974013701866286	0.9978738483345142	0.9981100874084571	0.9983463264824	0.9984644460193713	0.9987006850933142	0.9990550437042285	0.9991731632411999	0.9994094023151427	0.9995275218521141	0.999763760926057	0.999763760926057	0.999763760926057	0.9998818804630284	0.9999999999999998	0.9999999999999998	0.9999999999999998	0.9999999999999998	0.9999999999999998	0.9999999999999998	0.9999999999999998	0.9999999999999998	0.9999999999999998	0.9999999999999998	0.9999999999999998	0.9999999999999998	0.9999999999999998	0.9999999999999998	0.9999999999999998	0.9999999999999998	0.9999999999999998	0.9999999999999998	0.9999999999999998	0.9999999999999998	0.9999999999999998	0.9999999999999998	0.9999999999999998
alexa.2014-09-01.top.10000-http-www	0.0822968731837731	0.30036033941648266	0.43043124491456475	0.5344647216087413	0.6158316866209463	0.6812739741950484	0.7350924096245498	0.7749622224805303	0.8055329536208301	0.8366848773683601	0.8579565267929794	0.8759734976171105	0.8895734046262933	0.900499825642218	0.9113100081366966	0.9202603742880392	0.9258398233174475	0.9324654190398699	0.9382773451121703	0.9428106474485646	0.9474601883064049	0.9518772521213531	0.9544344995931653	0.9566430315006395	0.9596652330582356	0.9615250494013717	0.9637335813088459	0.9650122050447519	0.966174590259212	0.9675694525165641	0.9687318377310242	0.9697779844240383	0.9709403696384984	0.9721027548529585	0.9730326630245265	0.9747762408462166	0.9761711031035687	0.9772172497965828	0.9782633964895968	0.980123212832733	0.981401836568639	0.9827966988259911	0.9837266069975591	0.9850052307334651	0.9857026618621412	0.9869812855980472	0.9881436708125073	0.9891898175055214	0.9901197256770894	0.9908171568057654	0.9919795420202255	0.9927932116703476	0.9932581657561317	0.9939555968848077	0.9941880739276997	0.9951179820992677	0.9952342206207138	0.9958154132279438	0.9961641287922818	0.9961641287922818	0.9961641287922818	0.9966290828780658	0.9969777984424039	0.9974427525281879	0.997907706613972	0.99825642217831	0.998372660699756	0.998605137742648	0.99883761478554	0.998953853306986	0.998953853306986	0.9993025688713241	0.999535045914216	0.9996512844356621	0.9997675229571081	0.9997675229571081	0.9998837614785542	0.9998837614785542	1.0000000000000002	1.0000000000000002	1.0000000000000002	1.0000000000000002	1.0000000000000002	1.0000000000000002	1.0000000000000002	1.0000000000000002	1.0000000000000002	1.0000000000000002	1.0000000000000002	1.0000000000000002	1.0000000000000002	1.0000000000000002	1.0000000000000002	1.0000000000000002	1.0000000000000002	1.0000000000000002	1.0000000000000002	1.0000000000000002	1.0000000000000002	1.0000000000000002	1.0000000000000002
alexa.2014-09-01.top.10000-https	0.06421647819063005	0.268578352180937	0.4026655896607432	0.5306946688206786	0.6223747980613894	0.7031502423263328	0.7605008077544427	0.7992730210016156	0.8364297253634896	0.8655088852988693	0.8869143780290792	0.9042810985460421	0.9168012924071084	0.9240710823909533	0.9325525040387723	0.9406300484652667	0.9454765751211632	0.951534733441034	0.9559773828756059	0.9588045234248789	0.9624394184168014	0.9648626817447497	0.9684975767366721	0.9709208400646204	0.972940226171244	0.9737479806138934	0.9749596122778676	0.9765751211631665	0.9773828756058159	0.9789983844911148	0.980210016155089	0.980210016155089	0.980210016155089	0.9806138933764137	0.9814216478190632	0.9826332794830374	0.9826332794830374	0.9842487883683362	0.9842487883683362	0.985864297253635	0.9874798061389338	0.988691437802908	0.9894991922455575	0.9899030694668822	0.990306946688207	0.9915185783521812	0.9927302100161554	0.9927302100161554	0.9939418416801296	0.9939418416801296	0.9951534733441038	0.996365105008078	0.996365105008078	0.996365105008078	0.996365105008078	0.9971728594507274	0.9971728594507274	0.9971728594507274	0.9971728594507274	0.9975767366720522	0.9979806138933769	0.9979806138933769	0.9979806138933769	0.9983844911147016	0.9983844911147016	0.9983844911147016	0.9983844911147016	0.9991922455573511	0.9995961227786758	0.9995961227786758	1.0000000000000004	1.0000000000000004	1.0000000000000004	1.0000000000000004	1.0000000000000004	1.0000000000000004	1.0000000000000004	1.0000000000000004	1.0000000000000004	1.0000000000000004	1.0000000000000004	1.0000000000000004	1.0000000000000004	1.0000000000000004	1.0000000000000004	1.0000000000000004	1.0000000000000004	1.0000000000000004	1.0000000000000004	1.0000000000000004	1.0000000000000004	1.0000000000000004	1.0000000000000004	1.0000000000000004	1.0000000000000004	1.0000000000000004	1.0000000000000004	1.0000000000000004	1.0000000000000004	1.0000000000000004	1.0000000000000004
alexa.2014-09-01.top.10000-https-www	0.07215793056501021	0.2879509870660313	0.4240980258679373	0.5432266848196051	0.6392103471749488	0.7110279101429543	0.7682096664397549	0.8070115724982981	0.8413886997957795	0.8699795779441797	0.8914227365554799	0.90571817562968	0.9138869979577944	0.9257998638529612	0.9319264805990469	0.9394145677331518	0.9445200816882233	0.9509870660313139	0.9577944179714092	0.9605173587474473	0.9639210347174949	0.9686861810755616	0.9700476514635806	0.9720898570456092	0.9734513274336283	0.9754935330156569	0.9771953710006808	0.9792375765827094	0.9809394145677333	0.981279782164738	0.9816201497617427	0.9816201497617427	0.982641252552757	0.9836623553437713	0.9846834581347856	0.9857045609257999	0.9860449285228047	0.987066031313819	0.9877467665078286	0.9887678692988429	0.9901293396868619	0.9914908100748809	0.9925119128658952	0.9931926480599048	0.9935330156569095	0.9945541184479239	0.9952348536419334	0.9952348536419334	0.995915588835943	0.9965963240299526	0.9969366916269573	0.9979577944179716	0.9982981620149763	0.9986385296119811	0.9989788972089858	0.9993192648059905	0.9993192648059905	0.9993192648059905	0.9993192648059905	0.9993192648059905	0.9993192648059905	0.9993192648059905	0.9993192648059905	0.9996596324029953	0.9996596324029953	0.9996596324029953	0.9996596324029953	0.9996596324029953	0.9996596324029953	0.9996596324029953	0.9996596324029953	0.9996596324029953	0.9996596324029953	0.9996596324029953	1	1	1	1	1	1	1	1	1	1	1	1	1	1	1	1	1	1	1	1	1	1	1	1	1	1	1
alexa.2014-09-01.top.dk.10000-http	0.07336594041796354	0.4268563806136061	0.6104935526900845	0.7332147621164963	0.8105824811027124	0.8617163183637172	0.8968430413517119	0.9212983548243664	0.9373054690973767	0.9470875944864384	0.9542018674966651	0.9608714984437527	0.969319697643397	0.9737661182747888	0.9795464650955981	0.9848821698532682	0.987105380168964	0.9884393063583815	0.9919964428634949	0.9928857269897732	0.9928857269897732	0.995108937305469	0.9964428634948865	0.9968875055580257	0.997332147621165	0.9977767896843042	0.9977767896843042	0.9982214317474434	0.9986660738105826	0.9986660738105826	0.9986660738105826	0.9986660738105826	0.9986660738105826	0.9991107158737218	0.9991107158737218	0.9991107158737218	0.9991107158737218	0.9991107158737218	0.9991107158737218	0.9991107158737218	0.9991107158737218	0.9991107158737218	0.9991107158737218	0.9991107158737218	0.9991107158737218	0.9991107158737218	0.9991107158737218	0.9991107158737218	0.9991107158737218	0.9991107158737218	1.0000000000000002	1.0000000000000002	1.0000000000000002	1.0000000000000002	1.0000000000000002	1.0000000000000002	1.0000000000000002	1.0000000000000002	1.0000000000000002	1.0000000000000002	1.0000000000000002	1.0000000000000002	1.0000000000000002	1.0000000000000002	1.0000000000000002	1.0000000000000002	1.0000000000000002	1.0000000000000002	1.0000000000000002	1.0000000000000002	1.0000000000000002	1.0000000000000002	1.0000000000000002	1.0000000000000002	1.0000000000000002	1.0000000000000002	1.0000000000000002	1.0000000000000002	1.0000000000000002	1.0000000000000002	1.0000000000000002	1.0000000000000002	1.0000000000000002	1.0000000000000002	1.0000000000000002	1.0000000000000002	1.0000000000000002	1.0000000000000002	1.0000000000000002	1.0000000000000002	1.0000000000000002	1.0000000000000002	1.0000000000000002	1.0000000000000002	1.0000000000000002	1.0000000000000002	1.0000000000000002	1.0000000000000002	1.0000000000000002	1.0000000000000002	1.0000000000000002
alexa.2014-09-01.top.dk.10000-http-www	0.07612005219660722	0.4240974336668117	0.6128751631143976	0.7303175293605916	0.8155719878207917	0.8642888212266203	0.9016963897346673	0.9260548064375815	0.941278816876903	0.9525880817746846	0.9617224880382774	0.9660722053066549	0.9721618094823835	0.9773814702044366	0.9826011309264896	0.9869508481948671	0.9891257068290559	0.9913005654632446	0.9952153110047844	0.99608525445846	0.99608525445846	0.9965202261852977	0.9978251413658109	0.9978251413658109	0.9978251413658109	0.9986950848194864	0.9986950848194864	0.9986950848194864	0.9986950848194864	0.9986950848194864	0.9986950848194864	0.9986950848194864	0.9986950848194864	0.9991300565463241	0.9991300565463241	0.9991300565463241	0.9991300565463241	0.9995650282731618	0.9995650282731618	0.9995650282731618	0.9995650282731618	0.9995650282731618	0.9995650282731618	0.9995650282731618	0.9995650282731618	0.9995650282731618	0.9995650282731618	0.9995650282731618	0.9995650282731618	0.9995650282731618	0.9995650282731618	0.9995650282731618	0.9995650282731618	0.9995650282731618	0.9995650282731618	0.9999999999999996	0.9999999999999996	0.9999999999999996	0.9999999999999996	0.9999999999999996	0.9999999999999996	0.9999999999999996	0.9999999999999996	0.9999999999999996	0.9999999999999996	0.9999999999999996	0.9999999999999996	0.9999999999999996	0.9999999999999996	0.9999999999999996	0.9999999999999996	0.9999999999999996	0.9999999999999996	0.9999999999999996	0.9999999999999996	0.9999999999999996	0.9999999999999996	0.9999999999999996	0.9999999999999996	0.9999999999999996	0.9999999999999996	0.9999999999999996	0.9999999999999996	0.9999999999999996	0.9999999999999996	0.9999999999999996	0.9999999999999996	0.9999999999999996	0.9999999999999996	0.9999999999999996	0.9999999999999996	0.9999999999999996	0.9999999999999996	0.9999999999999996	0.9999999999999996	0.9999999999999996	0.9999999999999996	0.9999999999999996	0.9999999999999996	0.9999999999999996	0.9999999999999996
alexa.2014-09-01.top.dk.10000-https	0.08383233532934131	0.3652694610778443	0.5179640718562875	0.6137724550898204	0.7245508982035929	0.7934131736526947	0.8413173652694612	0.8712574850299403	0.8922155688622756	0.9071856287425151	0.9281437125748504	0.9371257485029941	0.9520958083832336	0.9550898203592815	0.9670658682634731	0.9730538922155689	0.9730538922155689	0.9850299401197605	0.9880239520958084	0.9880239520958084	0.9910179640718563	0.9970059880239521	0.9970059880239521	0.9970059880239521	1	1	1	1	1	1	1	1	1	1	1	1	1	1	1	1	1	1	1	1	1	1	1	1	1	1	1	1	1	1	1	1	1	1	1	1	1	1	1	1	1	1	1	1	1	1	1	1	1	1	1	1	1	1	1	1	1	1	1	1	1	1	1	1	1	1	1	1	1	1	1	1	1	1	1	1	1
alexa.2014-09-01.top.dk.10000-https-www	0.10321100917431193	0.36926605504587157	0.5275229357798166	0.6422018348623854	0.7339449541284404	0.8142201834862386	0.8600917431192661	0.8899082568807339	0.8990825688073394	0.9174311926605504	0.9357798165137614	0.9380733944954128	0.9495412844036697	0.963302752293578	0.9724770642201834	0.9793577981651376	0.981651376146789	0.9839449541284404	0.9931192660550459	0.9931192660550459	0.9931192660550459	1	1	1	1	1	1	1	1	1	1	1	1	1	1	1	1	1	1	1	1	1	1	1	1	1	1	1	1	1	1	1	1	1	1	1	1	1	1	1	1	1	1	1	1	1	1	1	1	1	1	1	1	1	1	1	1	1	1	1	1	1	1	1	1	1	1	1	1	1	1	1	1	1	1	1	1	1	1	1	1
alexa.2014-09-01.top.se.10000-http	0.06881720430107527	0.4057347670250896	0.5885304659498207	0.7179211469534049	0.8021505376344085	0.8562724014336917	0.889964157706093	0.9125448028673834	0.9247311827956988	0.9340501792114694	0.9405017921146952	0.9458781362007167	0.9501792114695339	0.9594982078853045	0.9663082437275984	0.9713261648745518	0.9752688172043009	0.9784946236559138	0.9831541218637991	0.986379928315412	0.9892473118279568	0.9903225806451611	0.9913978494623654	0.9924731182795697	0.9928315412186378	0.9935483870967741	0.9949820788530465	0.9949820788530465	0.9953405017921145	0.9953405017921145	0.9953405017921145	0.9953405017921145	0.9953405017921145	0.9956989247311826	0.9960573476702507	0.9960573476702507	0.9964157706093187	0.9967741935483868	0.9967741935483868	0.9967741935483868	0.9967741935483868	0.9967741935483868	0.9971326164874549	0.9971326164874549	0.9978494623655911	0.9985663082437274	0.9989247311827955	0.9989247311827955	0.9989247311827955	0.9989247311827955	0.9992831541218635	0.9992831541218635	0.9992831541218635	0.9996415770609316	0.9996415770609316	0.9996415770609316	0.9996415770609316	0.9996415770609316	0.9996415770609316	0.9996415770609316	0.9996415770609316	0.9999999999999997	0.9999999999999997	0.9999999999999997	0.9999999999999997	0.9999999999999997	0.9999999999999997	0.9999999999999997	0.9999999999999997	0.9999999999999997	0.9999999999999997	0.9999999999999997	0.9999999999999997	0.9999999999999997	0.9999999999999997	0.9999999999999997	0.9999999999999997	0.9999999999999997	0.9999999999999997	0.9999999999999997	0.9999999999999997	0.9999999999999997	0.9999999999999997	0.9999999999999997	0.9999999999999997	0.9999999999999997	0.9999999999999997	0.9999999999999997	0.9999999999999997	0.9999999999999997	0.9999999999999997	0.9999999999999997	0.9999999999999997	0.9999999999999997	0.9999999999999997	0.9999999999999997	0.9999999999999997	0.9999999999999997	0.9999999999999997	0.9999999999999997	0.9999999999999997
alexa.2014-09-01.top.se.10000-http-www	0.06789054381711118	0.4056113612746796	0.5898856944925528	0.7222029788708001	0.8056806373397991	0.8638725320401801	0.8981641842743332	0.9241427086941462	0.9369587807412539	0.9463110495323867	0.9539314166955318	0.9601662625562869	0.965708347765847	0.9719431936266021	0.9754069968825771	0.9785244198129547	0.9823346033945273	0.9837201246969173	0.9878766886040874	0.9892622099064774	0.9920332525112574	0.9937651541392449	0.9941115344648425	0.9951506754416349	0.99584343609283	0.99584343609283	0.9961898164184275	0.9961898164184275	0.996536196744025	0.996536196744025	0.9968825770696226	0.9972289573952201	0.9972289573952201	0.9975753377208176	0.9975753377208176	0.9975753377208176	0.9975753377208176	0.9979217180464152	0.9979217180464152	0.9979217180464152	0.9979217180464152	0.9979217180464152	0.9979217180464152	0.9982680983720127	0.9982680983720127	0.9982680983720127	0.9982680983720127	0.9982680983720127	0.9982680983720127	0.9982680983720127	0.9986144786976102	0.9986144786976102	0.9989608590232077	0.9989608590232077	0.9989608590232077	0.9989608590232077	0.9989608590232077	0.9996536196744028	0.9996536196744028	0.9996536196744028	0.9996536196744028	0.9996536196744028	1.0000000000000002	1.0000000000000002	1.0000000000000002	1.0000000000000002	1.0000000000000002	1.0000000000000002	1.0000000000000002	1.0000000000000002	1.0000000000000002	1.0000000000000002	1.0000000000000002	1.0000000000000002	1.0000000000000002	1.0000000000000002	1.0000000000000002	1.0000000000000002	1.0000000000000002	1.0000000000000002	1.0000000000000002	1.0000000000000002	1.0000000000000002	1.0000000000000002	1.0000000000000002	1.0000000000000002	1.0000000000000002	1.0000000000000002	1.0000000000000002	1.0000000000000002	1.0000000000000002	1.0000000000000002	1.0000000000000002	1.0000000000000002	1.0000000000000002	1.0000000000000002	1.0000000000000002	1.0000000000000002	1.0000000000000002	1.0000000000000002	1.0000000000000002
alexa.2014-09-01.top.se.10000-https	0.04576659038901602	0.3295194508009153	0.5125858123569794	0.6475972540045767	0.7734553775743708	0.851258581235698	0.9038901601830664	0.9290617848970253	0.9405034324942793	0.94279176201373	0.9473684210526316	0.9496567505720824	0.954233409610984	0.9565217391304348	0.9565217391304348	0.965675057208238	0.9725400457665904	0.9816933638443935	0.9885583524027459	0.9908466819221967	0.9931350114416475	0.9954233409610983	0.9954233409610983	0.9954233409610983	0.9999999999999999	0.9999999999999999	0.9999999999999999	0.9999999999999999	0.9999999999999999	0.9999999999999999	0.9999999999999999	0.9999999999999999	0.9999999999999999	0.9999999999999999	0.9999999999999999	0.9999999999999999	0.9999999999999999	0.9999999999999999	0.9999999999999999	0.9999999999999999	0.9999999999999999	0.9999999999999999	0.9999999999999999	0.9999999999999999	0.9999999999999999	0.9999999999999999	0.9999999999999999	0.9999999999999999	0.9999999999999999	0.9999999999999999	0.9999999999999999	0.9999999999999999	0.9999999999999999	0.9999999999999999	0.9999999999999999	0.9999999999999999	0.9999999999999999	0.9999999999999999	0.9999999999999999	0.9999999999999999	0.9999999999999999	0.9999999999999999	0.9999999999999999	0.9999999999999999	0.9999999999999999	0.9999999999999999	0.9999999999999999	0.9999999999999999	0.9999999999999999	0.9999999999999999	0.9999999999999999	0.9999999999999999	0.9999999999999999	0.9999999999999999	0.9999999999999999	0.9999999999999999	0.9999999999999999	0.9999999999999999	0.9999999999999999	0.9999999999999999	0.9999999999999999	0.9999999999999999	0.9999999999999999	0.9999999999999999	0.9999999999999999	0.9999999999999999	0.9999999999999999	0.9999999999999999	0.9999999999999999	0.9999999999999999	0.9999999999999999	0.9999999999999999	0.9999999999999999	0.9999999999999999	0.9999999999999999	0.9999999999999999	0.9999999999999999	0.9999999999999999	0.9999999999999999	0.9999999999999999	0.9999999999999999
alexa.2014-09-01.top.se.10000-https-www	0.043209876543209874	0.35185185185185186	0.5432098765432098	0.691358024691358	0.8070987654320987	0.8580246913580246	0.9058641975308641	0.9305555555555555	0.9429012345679011	0.9429012345679011	0.9444444444444443	0.9475308641975307	0.9552469135802468	0.9598765432098765	0.9660493827160493	0.9691358024691358	0.9737654320987654	0.9783950617283951	0.9861111111111112	0.9876543209876544	0.9907407407407408	0.9907407407407408	0.9938271604938272	0.9938271604938272	0.9969135802469137	0.9984567901234569	0.9984567901234569	0.9984567901234569	0.9984567901234569	0.9984567901234569	0.9984567901234569	0.9984567901234569	0.9984567901234569	0.9984567901234569	0.9984567901234569	0.9984567901234569	0.9984567901234569	0.9984567901234569	0.9984567901234569	0.9984567901234569	0.9984567901234569	0.9984567901234569	0.9984567901234569	0.9984567901234569	0.9984567901234569	0.9984567901234569	0.9984567901234569	1	1	1	1	1	1	1	1	1	1	1	1	1	1	1	1	1	1	1	1	1	1	1	1	1	1	1	1	1	1	1	1	1	1	1	1	1	1	1	1	1	1	1	1	1	1	1	1	1	1	1	1	1	1
com.2014-08-29.random.10000-http	0.28064162325198794	0.6187277214148615	0.9029339182890046	0.9474910885659446	0.9679188374006031	0.9809432410200164	0.9872497943515217	0.9905401700027419	0.9920482588428844	0.994104743624897	0.994927337537702	0.9954757334795721	0.9961612284069096	0.9964354263778445	0.9964354263778445	0.9965725253633121	0.9965725253633121	0.9968467233342471	0.997120921305182	0.997120921305182	0.997120921305182	0.997120921305182	0.9972580202906496	0.9972580202906496	0.9973951192761171	0.9975322182615847	0.9978064162325196	0.9979435152179872	0.9987661091307922	0.9987661091307922	0.9987661091307922	0.9989032081162598	0.9989032081162598	0.9989032081162598	0.9989032081162598	0.9989032081162598	0.9990403071017273	0.9991774060871949	0.9993145050726624	0.9993145050726624	0.9994516040581299	0.9994516040581299	0.9994516040581299	0.9994516040581299	0.9994516040581299	0.9995887030435975	0.9995887030435975	0.999725802029065	0.999725802029065	0.999725802029065	0.999725802029065	0.999725802029065	0.999725802029065	0.9998629010145326	0.9998629010145326	0.9998629010145326	1	1	1	1	1	1	1	1	1	1	1	1	1	1	1	1	1	1	1	1	1	1	1	1	1	1	1	1	1	1	1	1	1	1	1	1	1	1	1	1	1	1	1	1	1
com.2014-08-29.random.10000-http-www	0.2854607508532423	0.6241638225255972	0.9036177474402729	0.94839590443686	0.9687372013651876	0.9804778156996585	0.9873037542662114	0.9904436860068258	0.9927645051194537	0.9941296928327643	0.9952218430034128	0.995904436860068	0.996040955631399	0.9964505119453922	0.9965870307167233	0.9968600682593854	0.9969965870307165	0.9972696245733786	0.9975426621160408	0.9975426621160408	0.9975426621160408	0.9975426621160408	0.9975426621160408	0.9975426621160408	0.9975426621160408	0.9975426621160408	0.997952218430034	0.9982252559726962	0.9989078498293514	0.9989078498293514	0.9989078498293514	0.9989078498293514	0.9989078498293514	0.9989078498293514	0.9989078498293514	0.9989078498293514	0.9990443686006825	0.9991808873720135	0.9991808873720135	0.9991808873720135	0.9991808873720135	0.9991808873720135	0.9993174061433445	0.9993174061433445	0.9993174061433445	0.9993174061433445	0.9995904436860067	0.9997269624573377	0.9997269624573377	0.9997269624573377	0.9997269624573377	0.9997269624573377	0.9998634812286687	0.9998634812286687	0.9998634812286687	0.9998634812286687	0.9998634812286687	0.9999999999999998	0.9999999999999998	0.9999999999999998	0.9999999999999998	0.9999999999999998	0.9999999999999998	0.9999999999999998	0.9999999999999998	0.9999999999999998	0.9999999999999998	0.9999999999999998	0.9999999999999998	0.9999999999999998	0.9999999999999998	0.9999999999999998	0.9999999999999998	0.9999999999999998	0.9999999999999998	0.9999999999999998	0.9999999999999998	0.9999999999999998	0.9999999999999998	0.9999999999999998	0.9999999999999998	0.9999999999999998	0.9999999999999998	0.9999999999999998	0.9999999999999998	0.9999999999999998	0.9999999999999998	0.9999999999999998	0.9999999999999998	0.9999999999999998	0.9999999999999998	0.9999999999999998	0.9999999999999998	0.9999999999999998	0.9999999999999998	0.9999999999999998	0.9999999999999998	0.9999999999999998	0.9999999999999998	0.9999999999999998	0.9999999999999998
com.2014-08-29.random.10000-https	0.2127659574468085	0.574468085106383	0.7659574468085106	0.8723404255319149	0.9148936170212766	0.9574468085106382	0.9787234042553191	1	1	1	1	1	1	1	1	1	1	1	1	1	1	1	1	1	1	1	1	1	1	1	1	1	1	1	1	1	1	1	1	1	1	1	1	1	1	1	1	1	1	1	1	1	1	1	1	1	1	1	1	1	1	1	1	1	1	1	1	1	1	1	1	1	1	1	1	1	1	1	1	1	1	1	1	1	1	1	1	1	1	1	1	1	1	1	1	1	1	1	1	1	1
com.2014-08-29.random.10000-https-www	0.25925925925925924	0.5925925925925926	0.7222222222222222	0.7962962962962963	0.8518518518518519	0.9259259259259259	0.962962962962963	1	1	1	1	1	1	1	1	1	1	1	1	1	1	1	1	1	1	1	1	1	1	1	1	1	1	1	1	1	1	1	1	1	1	1	1	1	1	1	1	1	1	1	1	1	1	1	1	1	1	1	1	1	1	1	1	1	1	1	1	1	1	1	1	1	1	1	1	1	1	1	1	1	1	1	1	1	1	1	1	1	1	1	1	1	1	1	1	1	1	1	1	1	1
dk.2014-07-23.random.10000-http	0.46650894573414164	0.8113263344669526	0.9214845482773917	0.9569717580955197	0.9736803193848883	0.9822563950909359	0.9874316131894129	0.9917196510424366	0.9929025580363743	0.993494011533343	0.9946769185272807	0.9949726452757651	0.9954162353984918	0.9961555522697028	0.9965991423924294	0.9967470057666716	0.9968948691409139	0.9976341860121248	0.9980777761348515	0.9982256395090937	0.9983735028833359	0.9983735028833359	0.9988170930060626	0.9988170930060626	0.9989649563803048	0.9989649563803048	0.9989649563803048	0.9989649563803048	0.9989649563803048	0.999112819754547	0.999112819754547	0.999112819754547	0.999112819754547	0.9992606831287892	0.9994085465030315	0.9994085465030315	0.9997042732515159	0.9997042732515159	0.9997042732515159	0.9997042732515159	0.9997042732515159	0.9997042732515159	0.9997042732515159	0.9997042732515159	0.9997042732515159	0.9997042732515159	0.9997042732515159	0.9997042732515159	0.9997042732515159	0.9997042732515159	0.9998521366257581	0.9998521366257581	1.0000000000000002	1.0000000000000002	1.0000000000000002	1.0000000000000002	1.0000000000000002	1.0000000000000002	1.0000000000000002	1.0000000000000002	1.0000000000000002	1.0000000000000002	1.0000000000000002	1.0000000000000002	1.0000000000000002	1.0000000000000002	1.0000000000000002	1.0000000000000002	1.0000000000000002	1.0000000000000002	1.0000000000000002	1.0000000000000002	1.0000000000000002	1.0000000000000002	1.0000000000000002	1.0000000000000002	1.0000000000000002	1.0000000000000002	1.0000000000000002	1.0000000000000002	1.0000000000000002	1.0000000000000002	1.0000000000000002	1.0000000000000002	1.0000000000000002	1.0000000000000002	1.0000000000000002	1.0000000000000002	1.0000000000000002	1.0000000000000002	1.0000000000000002	1.0000000000000002	1.0000000000000002	1.0000000000000002	1.0000000000000002	1.0000000000000002	1.0000000000000002	1.0000000000000002	1.0000000000000002	1.0000000000000002	1.0000000000000002
dk.2014-07-23.random.10000-http-www	0.46958777745748054	0.8137791870856155	0.9220236379360046	0.9579129432113	0.9746324589218794	0.982127414240415	0.9874603632170654	0.991784375900836	0.9930815797059672	0.9939463822427214	0.9953877198039782	0.9955318535601039	0.996396656096858	0.9971173248774864	0.9974055923897378	0.9978379936581149	0.9979821274142405	0.9982703949264919	0.9985586624387434	0.998702796194869	0.998702796194869	0.9988469299509947	0.9991351974632461	0.9992793312193717	0.9992793312193717	0.9992793312193717	0.9992793312193717	0.9992793312193717	0.9992793312193717	0.9995675987316232	0.9995675987316232	0.9995675987316232	0.9995675987316232	0.9997117324877488	0.9998558662438745	0.9998558662438745	1.0000000000000002	1.0000000000000002	1.0000000000000002	1.0000000000000002	1.0000000000000002	1.0000000000000002	1.0000000000000002	1.0000000000000002	1.0000000000000002	1.0000000000000002	1.0000000000000002	1.0000000000000002	1.0000000000000002	1.0000000000000002	1.0000000000000002	1.0000000000000002	1.0000000000000002	1.0000000000000002	1.0000000000000002	1.0000000000000002	1.0000000000000002	1.0000000000000002	1.0000000000000002	1.0000000000000002	1.0000000000000002	1.0000000000000002	1.0000000000000002	1.0000000000000002	1.0000000000000002	1.0000000000000002	1.0000000000000002	1.0000000000000002	1.0000000000000002	1.0000000000000002	1.0000000000000002	1.0000000000000002	1.0000000000000002	1.0000000000000002	1.0000000000000002	1.0000000000000002	1.0000000000000002	1.0000000000000002	1.0000000000000002	1.0000000000000002	1.0000000000000002	1.0000000000000002	1.0000000000000002	1.0000000000000002	1.0000000000000002	1.0000000000000002	1.0000000000000002	1.0000000000000002	1.0000000000000002	1.0000000000000002	1.0000000000000002	1.0000000000000002	1.0000000000000002	1.0000000000000002	1.0000000000000002	1.0000000000000002	1.0000000000000002	1.0000000000000002	1.0000000000000002	1.0000000000000002	1.0000000000000002
dk.2014-07-23.random.10000-https	0.30434782608695654	0.6956521739130435	0.8260869565217391	0.8695652173913043	0.9565217391304348	1	1	1	1	1	1	1	1	1	1	1	1	1	1	1	1	1	1	1	1	1	1	1	1	1	1	1	1	1	1	1	1	1	1	1	1	1	1	1	1	1	1	1	1	1	1	1	1	1	1	1	1	1	1	1	1	1	1	1	1	1	1	1	1	1	1	1	1	1	1	1	1	1	1	1	1	1	1	1	1	1	1	1	1	1	1	1	1	1	1	1	1	1	1	1	1
dk.2014-07-23.random.10000-https-www	0.3	0.6	0.7333333333333333	0.8333333333333333	0.9333333333333332	0.9666666666666666	0.9666666666666666	0.9666666666666666	0.9666666666666666	0.9666666666666666	0.9999999999999999	0.9999999999999999	0.9999999999999999	0.9999999999999999	0.9999999999999999	0.9999999999999999	0.9999999999999999	0.9999999999999999	0.9999999999999999	0.9999999999999999	0.9999999999999999	0.9999999999999999	0.9999999999999999	0.9999999999999999	0.9999999999999999	0.9999999999999999	0.9999999999999999	0.9999999999999999	0.9999999999999999	0.9999999999999999	0.9999999999999999	0.9999999999999999	0.9999999999999999	0.9999999999999999	0.9999999999999999	0.9999999999999999	0.9999999999999999	0.9999999999999999	0.9999999999999999	0.9999999999999999	0.9999999999999999	0.9999999999999999	0.9999999999999999	0.9999999999999999	0.9999999999999999	0.9999999999999999	0.9999999999999999	0.9999999999999999	0.9999999999999999	0.9999999999999999	0.9999999999999999	0.9999999999999999	0.9999999999999999	0.9999999999999999	0.9999999999999999	0.9999999999999999	0.9999999999999999	0.9999999999999999	0.9999999999999999	0.9999999999999999	0.9999999999999999	0.9999999999999999	0.9999999999999999	0.9999999999999999	0.9999999999999999	0.9999999999999999	0.9999999999999999	0.9999999999999999	0.9999999999999999	0.9999999999999999	0.9999999999999999	0.9999999999999999	0.9999999999999999	0.9999999999999999	0.9999999999999999	0.9999999999999999	0.9999999999999999	0.9999999999999999	0.9999999999999999	0.9999999999999999	0.9999999999999999	0.9999999999999999	0.9999999999999999	0.9999999999999999	0.9999999999999999	0.9999999999999999	0.9999999999999999	0.9999999999999999	0.9999999999999999	0.9999999999999999	0.9999999999999999	0.9999999999999999	0.9999999999999999	0.9999999999999999	0.9999999999999999	0.9999999999999999	0.9999999999999999	0.9999999999999999	0.9999999999999999	0.9999999999999999	0.9999999999999999
net.2014-08-29.random.10000-http	0.2851159311892296	0.6089753178758415	0.918324607329843	0.9530291697830966	0.9711293941660435	0.9808526551982051	0.9871353777112941	0.9896783844427826	0.9914734480179508	0.9925205684367989	0.993418100224383	0.9941660433807031	0.9949139865370232	0.9955123410620793	0.9961106955871354	0.9964098728496634	0.9965594614809274	0.9968586387434555	0.9970082273747195	0.9970082273747195	0.9970082273747195	0.9970082273747195	0.9970082273747195	0.9970082273747195	0.9970082273747195	0.9970082273747195	0.9973074046372475	0.9973074046372475	0.9989528795811518	0.9989528795811518	0.9989528795811518	0.9989528795811518	0.9991024682124158	0.9991024682124158	0.9991024682124158	0.9991024682124158	0.9991024682124158	0.9991024682124158	0.9992520568436798	0.9992520568436798	0.9992520568436798	0.9994016454749438	0.9994016454749438	0.9994016454749438	0.9994016454749438	0.9995512341062078	0.9995512341062078	0.9995512341062078	0.9995512341062078	0.9995512341062078	0.9995512341062078	0.9997008227374719	0.9997008227374719	0.9998504113687359	0.9998504113687359	0.9998504113687359	0.9998504113687359	0.9998504113687359	0.9998504113687359	0.9998504113687359	0.9998504113687359	0.9998504113687359	0.9999999999999999	0.9999999999999999	0.9999999999999999	0.9999999999999999	0.9999999999999999	0.9999999999999999	0.9999999999999999	0.9999999999999999	0.9999999999999999	0.9999999999999999	0.9999999999999999	0.9999999999999999	0.9999999999999999	0.9999999999999999	0.9999999999999999	0.9999999999999999	0.9999999999999999	0.9999999999999999	0.9999999999999999	0.9999999999999999	0.9999999999999999	0.9999999999999999	0.9999999999999999	0.9999999999999999	0.9999999999999999	0.9999999999999999	0.9999999999999999	0.9999999999999999	0.9999999999999999	0.9999999999999999	0.9999999999999999	0.9999999999999999	0.9999999999999999	0.9999999999999999	0.9999999999999999	0.9999999999999999	0.9999999999999999	0.9999999999999999	0.9999999999999999
net.2014-08-29.random.10000-http-www	0.28493353028064994	0.6134416543574595	0.9187592319054654	0.9548005908419499	0.9714918759231906	0.9810930576070902	0.9859675036927623	0.988330871491876	0.990251107828656	0.9912850812407683	0.9924667651403252	0.9930576070901036	0.9939438700147712	0.9946824224519943	0.9952732644017728	0.9954209748892174	0.9954209748892174	0.9960118168389959	0.9961595273264405	0.9961595273264405	0.9961595273264405	0.9961595273264405	0.9961595273264405	0.9961595273264405	0.9963072378138852	0.9963072378138852	0.9963072378138852	0.9963072378138852	0.9982274741506652	0.9982274741506652	0.9982274741506652	0.9983751846381098	0.9983751846381098	0.9983751846381098	0.9983751846381098	0.9983751846381098	0.9983751846381098	0.9985228951255545	0.9985228951255545	0.9991137370753329	0.9991137370753329	0.9992614475627776	0.9992614475627776	0.9992614475627776	0.9992614475627776	0.9994091580502222	0.9994091580502222	0.9994091580502222	0.9994091580502222	0.9994091580502222	0.9994091580502222	0.9994091580502222	0.9995568685376669	0.9995568685376669	0.9998522895125561	0.9998522895125561	0.9998522895125561	0.9998522895125561	0.9998522895125561	0.9998522895125561	0.9998522895125561	1.0000000000000007	1.0000000000000007	1.0000000000000007	1.0000000000000007	1.0000000000000007	1.0000000000000007	1.0000000000000007	1.0000000000000007	1.0000000000000007	1.0000000000000007	1.0000000000000007	1.0000000000000007	1.0000000000000007	1.0000000000000007	1.0000000000000007	1.0000000000000007	1.0000000000000007	1.0000000000000007	1.0000000000000007	1.0000000000000007	1.0000000000000007	1.0000000000000007	1.0000000000000007	1.0000000000000007	1.0000000000000007	1.0000000000000007	1.0000000000000007	1.0000000000000007	1.0000000000000007	1.0000000000000007	1.0000000000000007	1.0000000000000007	1.0000000000000007	1.0000000000000007	1.0000000000000007	1.0000000000000007	1.0000000000000007	1.0000000000000007	1.0000000000000007	1.0000000000000007
net.2014-08-29.random.10000-https	0.4230769230769231	0.6923076923076923	0.8461538461538461	1	1	1	1	1	1	1	1	1	1	1	1	1	1	1	1	1	1	1	1	1	1	1	1	1	1	1	1	1	1	1	1	1	1	1	1	1	1	1	1	1	1	1	1	1	1	1	1	1	1	1	1	1	1	1	1	1	1	1	1	1	1	1	1	1	1	1	1	1	1	1	1	1	1	1	1	1	1	1	1	1	1	1	1	1	1	1	1	1	1	1	1	1	1	1	1	1	1
net.2014-08-29.random.10000-https-www	0.3076923076923077	0.5769230769230769	0.8076923076923077	0.9615384615384616	0.9615384615384616	0.9615384615384616	1	1	1	1	1	1	1	1	1	1	1	1	1	1	1	1	1	1	1	1	1	1	1	1	1	1	1	1	1	1	1	1	1	1	1	1	1	1	1	1	1	1	1	1	1	1	1	1	1	1	1	1	1	1	1	1	1	1	1	1	1	1	1	1	1	1	1	1	1	1	1	1	1	1	1	1	1	1	1	1	1	1	1	1	1	1	1	1	1	1	1	1	1	1	1
reach50.2014w35.se-http	0.023255813953488372	0.2558139534883721	0.4651162790697675	0.627906976744186	0.6744186046511628	0.7906976744186046	0.8372093023255813	0.8372093023255813	0.8604651162790697	0.9302325581395349	0.9302325581395349	0.9302325581395349	0.9302325581395349	0.9302325581395349	0.9302325581395349	0.9302325581395349	0.9534883720930233	0.9534883720930233	0.9534883720930233	0.9534883720930233	0.9767441860465117	0.9767441860465117	0.9767441860465117	0.9767441860465117	1	1	1	1	1	1	1	1	1	1	1	1	1	1	1	1	1	1	1	1	1	1	1	1	1	1	1	1	1	1	1	1	1	1	1	1	1	1	1	1	1	1	1	1	1	1	1	1	1	1	1	1	1	1	1	1	1	1	1	1	1	1	1	1	1	1	1	1	1	1	1	1	1	1	1	1	1
reach50.2014w35.se-http-www	0.023809523809523808	0.26190476190476186	0.49999999999999994	0.6428571428571428	0.6904761904761905	0.8333333333333333	0.8333333333333333	0.8571428571428571	0.9047619047619047	0.9285714285714285	0.9285714285714285	0.9285714285714285	0.9285714285714285	0.9285714285714285	0.9285714285714285	0.9523809523809523	0.9761904761904762	0.9761904761904762	0.9761904761904762	0.9761904761904762	1	1	1	1	1	1	1	1	1	1	1	1	1	1	1	1	1	1	1	1	1	1	1	1	1	1	1	1	1	1	1	1	1	1	1	1	1	1	1	1	1	1	1	1	1	1	1	1	1	1	1	1	1	1	1	1	1	1	1	1	1	1	1	1	1	1	1	1	1	1	1	1	1	1	1	1	1	1	1	1	1
reach50.2014w35.se-https	0.1111111111111111	0.3333333333333333	0.5	0.6666666666666666	0.7222222222222222	0.8888888888888888	0.9444444444444444	0.9444444444444444	1	1	1	1	1	1	1	1	1	1	1	1	1	1	1	1	1	1	1	1	1	1	1	1	1	1	1	1	1	1	1	1	1	1	1	1	1	1	1	1	1	1	1	1	1	1	1	1	1	1	1	1	1	1	1	1	1	1	1	1	1	1	1	1	1	1	1	1	1	1	1	1	1	1	1	1	1	1	1	1	1	1	1	1	1	1	1	1	1	1	1	1	1
reach50.2014w35.se-https-www	0.038461538461538464	0.34615384615384615	0.5	0.7692307692307692	0.846153846153846	0.9615384615384615	0.9615384615384615	0.9615384615384615	0.9999999999999999	0.9999999999999999	0.9999999999999999	0.9999999999999999	0.9999999999999999	0.9999999999999999	0.9999999999999999	0.9999999999999999	0.9999999999999999	0.9999999999999999	0.9999999999999999	0.9999999999999999	0.9999999999999999	0.9999999999999999	0.9999999999999999	0.9999999999999999	0.9999999999999999	0.9999999999999999	0.9999999999999999	0.9999999999999999	0.9999999999999999	0.9999999999999999	0.9999999999999999	0.9999999999999999	0.9999999999999999	0.9999999999999999	0.9999999999999999	0.9999999999999999	0.9999999999999999	0.9999999999999999	0.9999999999999999	0.9999999999999999	0.9999999999999999	0.9999999999999999	0.9999999999999999	0.9999999999999999	0.9999999999999999	0.9999999999999999	0.9999999999999999	0.9999999999999999	0.9999999999999999	0.9999999999999999	0.9999999999999999	0.9999999999999999	0.9999999999999999	0.9999999999999999	0.9999999999999999	0.9999999999999999	0.9999999999999999	0.9999999999999999	0.9999999999999999	0.9999999999999999	0.9999999999999999	0.9999999999999999	0.9999999999999999	0.9999999999999999	0.9999999999999999	0.9999999999999999	0.9999999999999999	0.9999999999999999	0.9999999999999999	0.9999999999999999	0.9999999999999999	0.9999999999999999	0.9999999999999999	0.9999999999999999	0.9999999999999999	0.9999999999999999	0.9999999999999999	0.9999999999999999	0.9999999999999999	0.9999999999999999	0.9999999999999999	0.9999999999999999	0.9999999999999999	0.9999999999999999	0.9999999999999999	0.9999999999999999	0.9999999999999999	0.9999999999999999	0.9999999999999999	0.9999999999999999	0.9999999999999999	0.9999999999999999	0.9999999999999999	0.9999999999999999	0.9999999999999999	0.9999999999999999	0.9999999999999999	0.9999999999999999	0.9999999999999999	0.9999999999999999	0.9999999999999999
se.2014-07-10.random.100000-http	0.4003133233639536	0.8066652424695577	0.9190913622445346	0.9561632129886776	0.9758741009755749	0.98612832015951	0.9914405753756319	0.9943174535355692	0.9953143915117851	0.9960692159794915	0.9965819269386883	0.9971088798689739	0.9975076550594603	0.9979206722210354	0.9981200598162786	0.9983621733247882	0.9986470127465641	0.9987324645730968	0.99893185216834	0.9990173039948728	0.9991027558214055	0.9991312397635831	0.9993875952431814	0.9994730470697142	0.9995015310118918	0.9995442569251581	0.9996581926938686	0.9996724346649574	0.9997436445204013	0.9997436445204013	0.9997721284625789	0.9998006124047565	0.9998006124047565	0.9998290963469341	0.9998290963469341	0.9998290963469341	0.9998433383180229	0.9998433383180229	0.9998433383180229	0.9998575802891116	0.9998575802891116	0.9998575802891116	0.9998575802891116	0.9998575802891116	0.9998718222602004	0.9998718222602004	0.9998860642312892	0.9999145481734668	0.9999145481734668	0.9999287901445556	0.9999287901445556	0.9999430321156444	0.9999572740867332	0.9999857580289108	0.9999857580289108	0.9999857580289108	0.9999857580289108	0.9999857580289108	0.9999857580289108	0.9999857580289108	0.9999857580289108	0.9999857580289108	0.9999857580289108	0.9999857580289108	0.9999999999999996	0.9999999999999996	0.9999999999999996	0.9999999999999996	0.9999999999999996	0.9999999999999996	0.9999999999999996	0.9999999999999996	0.9999999999999996	0.9999999999999996	0.9999999999999996	0.9999999999999996	0.9999999999999996	0.9999999999999996	0.9999999999999996	0.9999999999999996	0.9999999999999996	0.9999999999999996	0.9999999999999996	0.9999999999999996	0.9999999999999996	0.9999999999999996	0.9999999999999996	0.9999999999999996	0.9999999999999996	0.9999999999999996	0.9999999999999996	0.9999999999999996	0.9999999999999996	0.9999999999999996	0.9999999999999996	0.9999999999999996	0.9999999999999996	0.9999999999999996	0.9999999999999996	0.9999999999999996	0.9999999999999996
se.2014-07-10.random.100000-http-www	0.4072379762987498	0.8103628490368822	0.9179551223750119	0.9570092443020619	0.9767331369541313	0.9865747213813512	0.9914072787000964	0.9940000271491984	0.995113144284415	0.9961583884235818	0.9966877977927702	0.9971629087651187	0.9975837213406274	0.9979366609200864	0.9981674291066557	0.9983574734955951	0.9986289654797943	0.998737562273474	0.9989276066624134	0.9990362034560931	0.9991040764521429	0.9991719494481928	0.9993619938371322	0.9994027176347621	0.999416292233972	0.9994705906308118	0.9995656128252814	0.9995927620237014	0.9996334858213313	0.9996877842181711	0.999701358817381	0.9997420826150109	0.9997556572142208	0.9998099556110606	0.9998099556110606	0.9998099556110606	0.9998099556110606	0.9998099556110606	0.9998099556110606	0.9998099556110606	0.9998099556110606	0.9998099556110606	0.9998099556110606	0.9998099556110606	0.9998235302102705	0.9998235302102705	0.9998235302102705	0.9998235302102705	0.9998235302102705	0.9998371048094804	0.9998642540079004	0.9998642540079004	0.9998778286071103	0.9999457016031601	0.99995927620237	0.9999728508015799	0.9999728508015799	0.9999728508015799	0.9999728508015799	0.9999728508015799	0.9999728508015799	0.9999728508015799	0.9999864254007899	0.9999864254007899	0.9999999999999998	0.9999999999999998	0.9999999999999998	0.9999999999999998	0.9999999999999998	0.9999999999999998	0.9999999999999998	0.9999999999999998	0.9999999999999998	0.9999999999999998	0.9999999999999998	0.9999999999999998	0.9999999999999998	0.9999999999999998	0.9999999999999998	0.9999999999999998	0.9999999999999998	0.9999999999999998	0.9999999999999998	0.9999999999999998	0.9999999999999998	0.9999999999999998	0.9999999999999998	0.9999999999999998	0.9999999999999998	0.9999999999999998	0.9999999999999998	0.9999999999999998	0.9999999999999998	0.9999999999999998	0.9999999999999998	0.9999999999999998	0.9999999999999998	0.9999999999999998	0.9999999999999998	0.9999999999999998	0.9999999999999998
se.2014-07-10.random.100000-https	0.1992619926199262	0.5904059040590406	0.8118081180811808	0.9077490774907749	0.948339483394834	0.9778597785977861	0.9852398523985241	0.9852398523985241	0.9926199261992621	0.9926199261992621	0.9926199261992621	0.9926199261992621	0.9926199261992621	0.9926199261992621	0.996309963099631	0.996309963099631	0.996309963099631	0.996309963099631	1	1	1	1	1	1	1	1	1	1	1	1	1	1	1	1	1	1	1	1	1	1	1	1	1	1	1	1	1	1	1	1	1	1	1	1	1	1	1	1	1	1	1	1	1	1	1	1	1	1	1	1	1	1	1	1	1	1	1	1	1	1	1	1	1	1	1	1	1	1	1	1	1	1	1	1	1	1	1	1	1	1	1
se.2014-07-10.random.100000-https-www	0.15838509316770186	0.5838509316770186	0.7732919254658385	0.8726708074534161	0.9347826086956521	0.9596273291925466	0.9689440993788819	0.9720496894409937	0.9782608695652173	0.9782608695652173	0.981366459627329	0.9844720496894408	0.9844720496894408	0.9844720496894408	0.9875776397515525	0.9875776397515525	0.9937888198757762	0.9937888198757762	0.9937888198757762	0.9937888198757762	0.9937888198757762	0.9937888198757762	0.9937888198757762	0.9968944099378879	0.9968944099378879	0.9999999999999997	0.9999999999999997	0.9999999999999997	0.9999999999999997	0.9999999999999997	0.9999999999999997	0.9999999999999997	0.9999999999999997	0.9999999999999997	0.9999999999999997	0.9999999999999997	0.9999999999999997	0.9999999999999997	0.9999999999999997	0.9999999999999997	0.9999999999999997	0.9999999999999997	0.9999999999999997	0.9999999999999997	0.9999999999999997	0.9999999999999997	0.9999999999999997	0.9999999999999997	0.9999999999999997	0.9999999999999997	0.9999999999999997	0.9999999999999997	0.9999999999999997	0.9999999999999997	0.9999999999999997	0.9999999999999997	0.9999999999999997	0.9999999999999997	0.9999999999999997	0.9999999999999997	0.9999999999999997	0.9999999999999997	0.9999999999999997	0.9999999999999997	0.9999999999999997	0.9999999999999997	0.9999999999999997	0.9999999999999997	0.9999999999999997	0.9999999999999997	0.9999999999999997	0.9999999999999997	0.9999999999999997	0.9999999999999997	0.9999999999999997	0.9999999999999997	0.9999999999999997	0.9999999999999997	0.9999999999999997	0.9999999999999997	0.9999999999999997	0.9999999999999997	0.9999999999999997	0.9999999999999997	0.9999999999999997	0.9999999999999997	0.9999999999999997	0.9999999999999997	0.9999999999999997	0.9999999999999997	0.9999999999999997	0.9999999999999997	0.9999999999999997	0.9999999999999997	0.9999999999999997	0.9999999999999997	0.9999999999999997	0.9999999999999997	0.9999999999999997	0.9999999999999997	0.9999999999999997
se.healthstatus.2013.counties-http	0.05555555555555555	0.8333333333333334	0.9444444444444444	1	1	1	1	1	1	1	1	1	1	1	1	1	1	1	1	1	1	1	1	1	1	1	1	1	1	1	1	1	1	1	1	1	1	1	1	1	1	1	1	1	1	1	1	1	1	1	1	1	1	1	1	1	1	1	1	1	1	1	1	1	1	1	1	1	1	1	1	1	1	1	1	1	1	1	1	1	1	1	1	1	1	1	1	1	1	1	1	1	1	1	1	1	1	1	1	1	1
se.healthstatus.2013.counties-http-www	0.047619047619047616	0.8095238095238095	0.9523809523809523	1	1	1	1	1	1	1	1	1	1	1	1	1	1	1	1	1	1	1	1	1	1	1	1	1	1	1	1	1	1	1	1	1	1	1	1	1	1	1	1	1	1	1	1	1	1	1	1	1	1	1	1	1	1	1	1	1	1	1	1	1	1	1	1	1	1	1	1	1	1	1	1	1	1	1	1	1	1	1	1	1	1	1	1	1	1	1	1	1	1	1	1	1	1	1	1	1	1
se.healthstatus.2013.counties-https	0	1	1	1	1	1	1	1	1	1	1	1	1	1	1	1	1	1	1	1	1	1	1	1	1	1	1	1	1	1	1	1	1	1	1	1	1	1	1	1	1	1	1	1	1	1	1	1	1	1	1	1	1	1	1	1	1	1	1	1	1	1	1	1	1	1	1	1	1	1	1	1	1	1	1	1	1	1	1	1	1	1	1	1	1	1	1	1	1	1	1	1	1	1	1	1	1	1	1	1	1
se.healthstatus.2013.counties-https-www	0.16666666666666666	1	1	1	1	1	1	1	1	1	1	1	1	1	1	1	1	1	1	1	1	1	1	1	1	1	1	1	1	1	1	1	1	1	1	1	1	1	1	1	1	1	1	1	1	1	1	1	1	1	1	1	1	1	1	1	1	1	1	1	1	1	1	1	1	1	1	1	1	1	1	1	1	1	1	1	1	1	1	1	1	1	1	1	1	1	1	1	1	1	1	1	1	1	1	1	1	1	1	1	1
se.healthstatus.2013.domain-registrars-http	0.208	0.6799999999999999	0.8559999999999999	0.9199999999999999	0.944	0.952	0.968	0.976	0.984	0.984	0.984	0.984	0.984	0.984	0.984	0.984	0.984	0.992	0.992	0.992	0.992	0.992	0.992	1	1	1	1	1	1	1	1	1	1	1	1	1	1	1	1	1	1	1	1	1	1	1	1	1	1	1	1	1	1	1	1	1	1	1	1	1	1	1	1	1	1	1	1	1	1	1	1	1	1	1	1	1	1	1	1	1	1	1	1	1	1	1	1	1	1	1	1	1	1	1	1	1	1	1	1	1	1
se.healthstatus.2013.domain-registrars-http-www	0.22388059701492538	0.6940298507462687	0.8731343283582089	0.9253731343283582	0.9477611940298507	0.9552238805970149	0.9701492537313433	0.9776119402985075	0.9850746268656717	0.9850746268656717	0.9850746268656717	0.9850746268656717	0.9850746268656717	0.9850746268656717	1	1	1	1	1	1	1	1	1	1	1	1	1	1	1	1	1	1	1	1	1	1	1	1	1	1	1	1	1	1	1	1	1	1	1	1	1	1	1	1	1	1	1	1	1	1	1	1	1	1	1	1	1	1	1	1	1	1	1	1	1	1	1	1	1	1	1	1	1	1	1	1	1	1	1	1	1	1	1	1	1	1	1	1	1	1	1
se.healthstatus.2013.domain-registrars-https	0.225	0.6	0.8	0.8500000000000001	0.9000000000000001	0.9000000000000001	0.9250000000000002	0.9500000000000002	0.9750000000000002	0.9750000000000002	0.9750000000000002	0.9750000000000002	0.9750000000000002	0.9750000000000002	0.9750000000000002	0.9750000000000002	0.9750000000000002	0.9750000000000002	0.9750000000000002	0.9750000000000002	0.9750000000000002	0.9750000000000002	1.0000000000000002	1.0000000000000002	1.0000000000000002	1.0000000000000002	1.0000000000000002	1.0000000000000002	1.0000000000000002	1.0000000000000002	1.0000000000000002	1.0000000000000002	1.0000000000000002	1.0000000000000002	1.0000000000000002	1.0000000000000002	1.0000000000000002	1.0000000000000002	1.0000000000000002	1.0000000000000002	1.0000000000000002	1.0000000000000002	1.0000000000000002	1.0000000000000002	1.0000000000000002	1.0000000000000002	1.0000000000000002	1.0000000000000002	1.0000000000000002	1.0000000000000002	1.0000000000000002	1.0000000000000002	1.0000000000000002	1.0000000000000002	1.0000000000000002	1.0000000000000002	1.0000000000000002	1.0000000000000002	1.0000000000000002	1.0000000000000002	1.0000000000000002	1.0000000000000002	1.0000000000000002	1.0000000000000002	1.0000000000000002	1.0000000000000002	1.0000000000000002	1.0000000000000002	1.0000000000000002	1.0000000000000002	1.0000000000000002	1.0000000000000002	1.0000000000000002	1.0000000000000002	1.0000000000000002	1.0000000000000002	1.0000000000000002	1.0000000000000002	1.0000000000000002	1.0000000000000002	1.0000000000000002	1.0000000000000002	1.0000000000000002	1.0000000000000002	1.0000000000000002	1.0000000000000002	1.0000000000000002	1.0000000000000002	1.0000000000000002	1.0000000000000002	1.0000000000000002	1.0000000000000002	1.0000000000000002	1.0000000000000002	1.0000000000000002	1.0000000000000002	1.0000000000000002	1.0000000000000002	1.0000000000000002	1.0000000000000002	1.0000000000000002
se.healthstatus.2013.domain-registrars-https-www	0.21428571428571427	0.5952380952380952	0.8095238095238095	0.8809523809523809	0.9285714285714286	0.9523809523809524	0.9523809523809524	0.9523809523809524	0.9761904761904763	0.9761904761904763	0.9761904761904763	0.9761904761904763	0.9761904761904763	0.9761904761904763	1	1	1	1	1	1	1	1	1	1	1	1	1	1	1	1	1	1	1	1	1	1	1	1	1	1	1	1	1	1	1	1	1	1	1	1	1	1	1	1	1	1	1	1	1	1	1	1	1	1	1	1	1	1	1	1	1	1	1	1	1	1	1	1	1	1	1	1	1	1	1	1	1	1	1	1	1	1	1	1	1	1	1	1	1	1	1
se.healthstatus.2013.financial-services-http	0.19402985074626866	0.6417910447761195	0.8059701492537314	0.8656716417910448	0.9104477611940299	0.955223880597015	0.9701492537313434	0.9701492537313434	0.9701492537313434	0.9701492537313434	0.9701492537313434	0.9850746268656718	0.9850746268656718	0.9850746268656718	1.0000000000000002	1.0000000000000002	1.0000000000000002	1.0000000000000002	1.0000000000000002	1.0000000000000002	1.0000000000000002	1.0000000000000002	1.0000000000000002	1.0000000000000002	1.0000000000000002	1.0000000000000002	1.0000000000000002	1.0000000000000002	1.0000000000000002	1.0000000000000002	1.0000000000000002	1.0000000000000002	1.0000000000000002	1.0000000000000002	1.0000000000000002	1.0000000000000002	1.0000000000000002	1.0000000000000002	1.0000000000000002	1.0000000000000002	1.0000000000000002	1.0000000000000002	1.0000000000000002	1.0000000000000002	1.0000000000000002	1.0000000000000002	1.0000000000000002	1.0000000000000002	1.0000000000000002	1.0000000000000002	1.0000000000000002	1.0000000000000002	1.0000000000000002	1.0000000000000002	1.0000000000000002	1.0000000000000002	1.0000000000000002	1.0000000000000002	1.0000000000000002	1.0000000000000002	1.0000000000000002	1.0000000000000002	1.0000000000000002	1.0000000000000002	1.0000000000000002	1.0000000000000002	1.0000000000000002	1.0000000000000002	1.0000000000000002	1.0000000000000002	1.0000000000000002	1.0000000000000002	1.0000000000000002	1.0000000000000002	1.0000000000000002	1.0000000000000002	1.0000000000000002	1.0000000000000002	1.0000000000000002	1.0000000000000002	1.0000000000000002	1.0000000000000002	1.0000000000000002	1.0000000000000002	1.0000000000000002	1.0000000000000002	1.0000000000000002	1.0000000000000002	1.0000000000000002	1.0000000000000002	1.0000000000000002	1.0000000000000002	1.0000000000000002	1.0000000000000002	1.0000000000000002	1.0000000000000002	1.0000000000000002	1.0000000000000002	1.0000000000000002	1.0000000000000002	1.0000000000000002
se.healthstatus.2013.financial-services-http-www	0.20833333333333334	0.638888888888889	0.8055555555555556	0.875	0.9305555555555556	0.9583333333333334	0.9722222222222222	0.9722222222222222	0.9722222222222222	0.9722222222222222	0.9722222222222222	0.986111111111111	0.986111111111111	0.986111111111111	0.9999999999999999	0.9999999999999999	0.9999999999999999	0.9999999999999999	0.9999999999999999	0.9999999999999999	0.9999999999999999	0.9999999999999999	0.9999999999999999	0.9999999999999999	0.9999999999999999	0.9999999999999999	0.9999999999999999	0.9999999999999999	0.9999999999999999	0.9999999999999999	0.9999999999999999	0.9999999999999999	0.9999999999999999	0.9999999999999999	0.9999999999999999	0.9999999999999999	0.9999999999999999	0.9999999999999999	0.9999999999999999	0.9999999999999999	0.9999999999999999	0.9999999999999999	0.9999999999999999	0.9999999999999999	0.9999999999999999	0.9999999999999999	0.9999999999999999	0.9999999999999999	0.9999999999999999	0.9999999999999999	0.9999999999999999	0.9999999999999999	0.9999999999999999	0.9999999999999999	0.9999999999999999	0.9999999999999999	0.9999999999999999	0.9999999999999999	0.9999999999999999	0.9999999999999999	0.9999999999999999	0.9999999999999999	0.9999999999999999	0.9999999999999999	0.9999999999999999	0.9999999999999999	0.9999999999999999	0.9999999999999999	0.9999999999999999	0.9999999999999999	0.9999999999999999	0.9999999999999999	0.9999999999999999	0.9999999999999999	0.9999999999999999	0.9999999999999999	0.9999999999999999	0.9999999999999999	0.9999999999999999	0.9999999999999999	0.9999999999999999	0.9999999999999999	0.9999999999999999	0.9999999999999999	0.9999999999999999	0.9999999999999999	0.9999999999999999	0.9999999999999999	0.9999999999999999	0.9999999999999999	0.9999999999999999	0.9999999999999999	0.9999999999999999	0.9999999999999999	0.9999999999999999	0.9999999999999999	0.9999999999999999	0.9999999999999999	0.9999999999999999	0.9999999999999999	0.9999999999999999
se.healthstatus.2013.financial-services-https	0	0.375	0.6875	0.8125	0.9375	1	1	1	1	1	1	1	1	1	1	1	1	1	1	1	1	1	1	1	1	1	1	1	1	1	1	1	1	1	1	1	1	1	1	1	1	1	1	1	1	1	1	1	1	1	1	1	1	1	1	1	1	1	1	1	1	1	1	1	1	1	1	1	1	1	1	1	1	1	1	1	1	1	1	1	1	1	1	1	1	1	1	1	1	1	1	1	1	1	1	1	1	1	1	1	1
se.healthstatus.2013.financial-services-https-www	0	0.41935483870967744	0.5806451612903226	0.8064516129032259	0.903225806451613	1	1	1	1	1	1	1	1	1	1	1	1	1	1	1	1	1	1	1	1	1	1	1	1	1	1	1	1	1	1	1	1	1	1	1	1	1	1	1	1	1	1	1	1	1	1	1	1	1	1	1	1	1	1	1	1	1	1	1	1	1	1	1	1	1	1	1	1	1	1	1	1	1	1	1	1	1	1	1	1	1	1	1	1	1	1	1	1	1	1	1	1	1	1	1	1
se.healthstatus.2013.gocs-http	0.02040816326530612	0.5510204081632654	0.6938775510204083	0.7959183673469389	0.9183673469387756	0.9387755102040818	0.9387755102040818	0.9591836734693879	0.9591836734693879	0.9591836734693879	0.9591836734693879	0.9795918367346941	1.0000000000000002	1.0000000000000002	1.0000000000000002	1.0000000000000002	1.0000000000000002	1.0000000000000002	1.0000000000000002	1.0000000000000002	1.0000000000000002	1.0000000000000002	1.0000000000000002	1.0000000000000002	1.0000000000000002	1.0000000000000002	1.0000000000000002	1.0000000000000002	1.0000000000000002	1.0000000000000002	1.0000000000000002	1.0000000000000002	1.0000000000000002	1.0000000000000002	1.0000000000000002	1.0000000000000002	1.0000000000000002	1.0000000000000002	1.0000000000000002	1.0000000000000002	1.0000000000000002	1.0000000000000002	1.0000000000000002	1.0000000000000002	1.0000000000000002	1.0000000000000002	1.0000000000000002	1.0000000000000002	1.0000000000000002	1.0000000000000002	1.0000000000000002	1.0000000000000002	1.0000000000000002	1.0000000000000002	1.0000000000000002	1.0000000000000002	1.0000000000000002	1.0000000000000002	1.0000000000000002	1.0000000000000002	1.0000000000000002	1.0000000000000002	1.0000000000000002	1.0000000000000002	1.0000000000000002	1.0000000000000002	1.0000000000000002	1.0000000000000002	1.0000000000000002	1.0000000000000002	1.0000000000000002	1.0000000000000002	1.0000000000000002	1.0000000000000002	1.0000000000000002	1.0000000000000002	1.0000000000000002	1.0000000000000002	1.0000000000000002	1.0000000000000002	1.0000000000000002	1.0000000000000002	1.0000000000000002	1.0000000000000002	1.0000000000000002	1.0000000000000002	1.0000000000000002	1.0000000000000002	1.0000000000000002	1.0000000000000002	1.0000000000000002	1.0000000000000002	1.0000000000000002	1.0000000000000002	1.0000000000000002	1.0000000000000002	1.0000000000000002	1.0000000000000002	1.0000000000000002	1.0000000000000002	1.0000000000000002
se.healthstatus.2013.gocs-http-www	0.05263157894736842	0.5789473684210527	0.7017543859649122	0.7894736842105263	0.8771929824561404	0.9298245614035088	0.9473684210526316	0.9649122807017545	0.9649122807017545	0.9649122807017545	0.9649122807017545	0.9824561403508774	1.0000000000000002	1.0000000000000002	1.0000000000000002	1.0000000000000002	1.0000000000000002	1.0000000000000002	1.0000000000000002	1.0000000000000002	1.0000000000000002	1.0000000000000002	1.0000000000000002	1.0000000000000002	1.0000000000000002	1.0000000000000002	1.0000000000000002	1.0000000000000002	1.0000000000000002	1.0000000000000002	1.0000000000000002	1.0000000000000002	1.0000000000000002	1.0000000000000002	1.0000000000000002	1.0000000000000002	1.0000000000000002	1.0000000000000002	1.0000000000000002	1.0000000000000002	1.0000000000000002	1.0000000000000002	1.0000000000000002	1.0000000000000002	1.0000000000000002	1.0000000000000002	1.0000000000000002	1.0000000000000002	1.0000000000000002	1.0000000000000002	1.0000000000000002	1.0000000000000002	1.0000000000000002	1.0000000000000002	1.0000000000000002	1.0000000000000002	1.0000000000000002	1.0000000000000002	1.0000000000000002	1.0000000000000002	1.0000000000000002	1.0000000000000002	1.0000000000000002	1.0000000000000002	1.0000000000000002	1.0000000000000002	1.0000000000000002	1.0000000000000002	1.0000000000000002	1.0000000000000002	1.0000000000000002	1.0000000000000002	1.0000000000000002	1.0000000000000002	1.0000000000000002	1.0000000000000002	1.0000000000000002	1.0000000000000002	1.0000000000000002	1.0000000000000002	1.0000000000000002	1.0000000000000002	1.0000000000000002	1.0000000000000002	1.0000000000000002	1.0000000000000002	1.0000000000000002	1.0000000000000002	1.0000000000000002	1.0000000000000002	1.0000000000000002	1.0000000000000002	1.0000000000000002	1.0000000000000002	1.0000000000000002	1.0000000000000002	1.0000000000000002	1.0000000000000002	1.0000000000000002	1.0000000000000002	1.0000000000000002
se.healthstatus.2013.gocs-https	0	0	0.25	0.5	0.5	0.75	0.75	1	1	1	1	1	1	1	1	1	1	1	1	1	1	1	1	1	1	1	1	1	1	1	1	1	1	1	1	1	1	1	1	1	1	1	1	1	1	1	1	1	1	1	1	1	1	1	1	1	1	1	1	1	1	1	1	1	1	1	1	1	1	1	1	1	1	1	1	1	1	1	1	1	1	1	1	1	1	1	1	1	1	1	1	1	1	1	1	1	1	1	1	1	1
se.healthstatus.2013.gocs-https-www	0	0	0.4444444444444444	0.6666666666666666	0.6666666666666666	0.8888888888888888	0.8888888888888888	1	1	1	1	1	1	1	1	1	1	1	1	1	1	1	1	1	1	1	1	1	1	1	1	1	1	1	1	1	1	1	1	1	1	1	1	1	1	1	1	1	1	1	1	1	1	1	1	1	1	1	1	1	1	1	1	1	1	1	1	1	1	1	1	1	1	1	1	1	1	1	1	1	1	1	1	1	1	1	1	1	1	1	1	1	1	1	1	1	1	1	1	1	1
se.healthstatus.2013.higher-education-http	0.05	0.65	0.75	0.925	0.9750000000000001	1	1	1	1	1	1	1	1	1	1	1	1	1	1	1	1	1	1	1	1	1	1	1	1	1	1	1	1	1	1	1	1	1	1	1	1	1	1	1	1	1	1	1	1	1	1	1	1	1	1	1	1	1	1	1	1	1	1	1	1	1	1	1	1	1	1	1	1	1	1	1	1	1	1	1	1	1	1	1	1	1	1	1	1	1	1	1	1	1	1	1	1	1	1	1	1
se.healthstatus.2013.higher-education-http-www	0.06382978723404255	0.6382978723404256	0.7446808510638299	0.9361702127659575	0.9787234042553191	1	1	1	1	1	1	1	1	1	1	1	1	1	1	1	1	1	1	1	1	1	1	1	1	1	1	1	1	1	1	1	1	1	1	1	1	1	1	1	1	1	1	1	1	1	1	1	1	1	1	1	1	1	1	1	1	1	1	1	1	1	1	1	1	1	1	1	1	1	1	1	1	1	1	1	1	1	1	1	1	1	1	1	1	1	1	1	1	1	1	1	1	1	1	1	1
se.healthstatus.2013.higher-education-https	0	0.5555555555555556	0.6666666666666667	0.7777777777777779	0.8888888888888891	1.0000000000000002	1.0000000000000002	1.0000000000000002	1.0000000000000002	1.0000000000000002	1.0000000000000002	1.0000000000000002	1.0000000000000002	1.0000000000000002	1.0000000000000002	1.0000000000000002	1.0000000000000002	1.0000000000000002	1.0000000000000002	1.0000000000000002	1.0000000000000002	1.0000000000000002	1.0000000000000002	1.0000000000000002	1.0000000000000002	1.0000000000000002	1.0000000000000002	1.0000000000000002	1.0000000000000002	1.0000000000000002	1.0000000000000002	1.0000000000000002	1.0000000000000002	1.0000000000000002	1.0000000000000002	1.0000000000000002	1.0000000000000002	1.0000000000000002	1.0000000000000002	1.0000000000000002	1.0000000000000002	1.0000000000000002	1.0000000000000002	1.0000000000000002	1.0000000000000002	1.0000000000000002	1.0000000000000002	1.0000000000000002	1.0000000000000002	1.0000000000000002	1.0000000000000002	1.0000000000000002	1.0000000000000002	1.0000000000000002	1.0000000000000002	1.0000000000000002	1.0000000000000002	1.0000000000000002	1.0000000000000002	1.0000000000000002	1.0000000000000002	1.0000000000000002	1.0000000000000002	1.0000000000000002	1.0000000000000002	1.0000000000000002	1.0000000000000002	1.0000000000000002	1.0000000000000002	1.0000000000000002	1.0000000000000002	1.0000000000000002	1.0000000000000002	1.0000000000000002	1.0000000000000002	1.0000000000000002	1.0000000000000002	1.0000000000000002	1.0000000000000002	1.0000000000000002	1.0000000000000002	1.0000000000000002	1.0000000000000002	1.0000000000000002	1.0000000000000002	1.0000000000000002	1.0000000000000002	1.0000000000000002	1.0000000000000002	1.0000000000000002	1.0000000000000002	1.0000000000000002	1.0000000000000002	1.0000000000000002	1.0000000000000002	1.0000000000000002	1.0000000000000002	1.0000000000000002	1.0000000000000002	1.0000000000000002	1.0000000000000002
se.healthstatus.2013.higher-education-https-www	0	0.5	0.625	0.8333333333333334	0.9166666666666667	1	1	1	1	1	1	1	1	1	1	1	1	1	1	1	1	1	1	1	1	1	1	1	1	1	1	1	1	1	1	1	1	1	1	1	1	1	1	1	1	1	1	1	1	1	1	1	1	1	1	1	1	1	1	1	1	1	1	1	1	1	1	1	1	1	1	1	1	1	1	1	1	1	1	1	1	1	1	1	1	1	1	1	1	1	1	1	1	1	1	1	1	1	1	1	1
se.healthstatus.2013.isps-http	0	0.3333333333333333	0.5555555555555556	0.7222222222222222	0.8333333333333333	0.8333333333333333	0.8333333333333333	0.8333333333333333	0.8333333333333333	0.8333333333333333	0.8333333333333333	0.8333333333333333	0.8333333333333333	0.8888888888888888	0.8888888888888888	0.8888888888888888	0.8888888888888888	0.8888888888888888	0.8888888888888888	0.9444444444444444	0.9444444444444444	0.9444444444444444	0.9444444444444444	1	1	1	1	1	1	1	1	1	1	1	1	1	1	1	1	1	1	1	1	1	1	1	1	1	1	1	1	1	1	1	1	1	1	1	1	1	1	1	1	1	1	1	1	1	1	1	1	1	1	1	1	1	1	1	1	1	1	1	1	1	1	1	1	1	1	1	1	1	1	1	1	1	1	1	1	1	1
se.healthstatus.2013.isps-http-www	0	0.3157894736842105	0.5263157894736842	0.631578947368421	0.7368421052631579	0.7368421052631579	0.7368421052631579	0.7368421052631579	0.7894736842105263	0.7894736842105263	0.7894736842105263	0.7894736842105263	0.8421052631578947	0.8421052631578947	0.894736842105263	0.894736842105263	0.894736842105263	0.894736842105263	0.9473684210526314	0.9473684210526314	0.9473684210526314	0.9473684210526314	0.9473684210526314	0.9473684210526314	0.9473684210526314	0.9999999999999998	0.9999999999999998	0.9999999999999998	0.9999999999999998	0.9999999999999998	0.9999999999999998	0.9999999999999998	0.9999999999999998	0.9999999999999998	0.9999999999999998	0.9999999999999998	0.9999999999999998	0.9999999999999998	0.9999999999999998	0.9999999999999998	0.9999999999999998	0.9999999999999998	0.9999999999999998	0.9999999999999998	0.9999999999999998	0.9999999999999998	0.9999999999999998	0.9999999999999998	0.9999999999999998	0.9999999999999998	0.9999999999999998	0.9999999999999998	0.9999999999999998	0.9999999999999998	0.9999999999999998	0.9999999999999998	0.9999999999999998	0.9999999999999998	0.9999999999999998	0.9999999999999998	0.9999999999999998	0.9999999999999998	0.9999999999999998	0.9999999999999998	0.9999999999999998	0.9999999999999998	0.9999999999999998	0.9999999999999998	0.9999999999999998	0.9999999999999998	0.9999999999999998	0.9999999999999998	0.9999999999999998	0.9999999999999998	0.9999999999999998	0.9999999999999998	0.9999999999999998	0.9999999999999998	0.9999999999999998	0.9999999999999998	0.9999999999999998	0.9999999999999998	0.9999999999999998	0.9999999999999998	0.9999999999999998	0.9999999999999998	0.9999999999999998	0.9999999999999998	0.9999999999999998	0.9999999999999998	0.9999999999999998	0.9999999999999998	0.9999999999999998	0.9999999999999998	0.9999999999999998	0.9999999999999998	0.9999999999999998	0.9999999999999998	0.9999999999999998	0.9999999999999998	0.9999999999999998
se.healthstatus.2013.isps-https	0	0	0.3333333333333333	0.5	0.5	0.5	0.6666666666666666	0.6666666666666666	0.6666666666666666	0.6666666666666666	0.6666666666666666	0.6666666666666666	0.6666666666666666	0.6666666666666666	0.6666666666666666	0.6666666666666666	0.6666666666666666	0.6666666666666666	0.8333333333333333	0.8333333333333333	0.8333333333333333	0.8333333333333333	0.9999999999999999	0.9999999999999999	0.9999999999999999	0.9999999999999999	0.9999999999999999	0.9999999999999999	0.9999999999999999	0.9999999999999999	0.9999999999999999	0.9999999999999999	0.9999999999999999	0.9999999999999999	0.9999999999999999	0.9999999999999999	0.9999999999999999	0.9999999999999999	0.9999999999999999	0.9999999999999999	0.9999999999999999	0.9999999999999999	0.9999999999999999	0.9999999999999999	0.9999999999999999	0.9999999999999999	0.9999999999999999	0.9999999999999999	0.9999999999999999	0.9999999999999999	0.9999999999999999	0.9999999999999999	0.9999999999999999	0.9999999999999999	0.9999999999999999	0.9999999999999999	0.9999999999999999	0.9999999999999999	0.9999999999999999	0.9999999999999999	0.9999999999999999	0.9999999999999999	0.9999999999999999	0.9999999999999999	0.9999999999999999	0.9999999999999999	0.9999999999999999	0.9999999999999999	0.9999999999999999	0.9999999999999999	0.9999999999999999	0.9999999999999999	0.9999999999999999	0.9999999999999999	0.9999999999999999	0.9999999999999999	0.9999999999999999	0.9999999999999999	0.9999999999999999	0.9999999999999999	0.9999999999999999	0.9999999999999999	0.9999999999999999	0.9999999999999999	0.9999999999999999	0.9999999999999999	0.9999999999999999	0.9999999999999999	0.9999999999999999	0.9999999999999999	0.9999999999999999	0.9999999999999999	0.9999999999999999	0.9999999999999999	0.9999999999999999	0.9999999999999999	0.9999999999999999	0.9999999999999999	0.9999999999999999	0.9999999999999999	0.9999999999999999
se.healthstatus.2013.isps-https-www	0	0.3	0.4	0.5	0.7	0.7	0.7999999999999999	0.7999999999999999	0.7999999999999999	0.7999999999999999	0.7999999999999999	0.7999999999999999	0.7999999999999999	0.7999999999999999	0.8999999999999999	0.8999999999999999	0.8999999999999999	0.8999999999999999	0.9999999999999999	0.9999999999999999	0.9999999999999999	0.9999999999999999	0.9999999999999999	0.9999999999999999	0.9999999999999999	0.9999999999999999	0.9999999999999999	0.9999999999999999	0.9999999999999999	0.9999999999999999	0.9999999999999999	0.9999999999999999	0.9999999999999999	0.9999999999999999	0.9999999999999999	0.9999999999999999	0.9999999999999999	0.9999999999999999	0.9999999999999999	0.9999999999999999	0.9999999999999999	0.9999999999999999	0.9999999999999999	0.9999999999999999	0.9999999999999999	0.9999999999999999	0.9999999999999999	0.9999999999999999	0.9999999999999999	0.9999999999999999	0.9999999999999999	0.9999999999999999	0.9999999999999999	0.9999999999999999	0.9999999999999999	0.9999999999999999	0.9999999999999999	0.9999999999999999	0.9999999999999999	0.9999999999999999	0.9999999999999999	0.9999999999999999	0.9999999999999999	0.9999999999999999	0.9999999999999999	0.9999999999999999	0.9999999999999999	0.9999999999999999	0.9999999999999999	0.9999999999999999	0.9999999999999999	0.9999999999999999	0.9999999999999999	0.9999999999999999	0.9999999999999999	0.9999999999999999	0.9999999999999999	0.9999999999999999	0.9999999999999999	0.9999999999999999	0.9999999999999999	0.9999999999999999	0.9999999999999999	0.9999999999999999	0.9999999999999999	0.9999999999999999	0.9999999999999999	0.9999999999999999	0.9999999999999999	0.9999999999999999	0.9999999999999999	0.9999999999999999	0.9999999999999999	0.9999999999999999	0.9999999999999999	0.9999999999999999	0.9999999999999999	0.9999999999999999	0.9999999999999999	0.9999999999999999	0.9999999999999999
se.healthstatus.2013.media-http	0.038461538461538464	0.038461538461538464	0.15384615384615385	0.2692307692307693	0.2692307692307693	0.3076923076923077	0.5	0.6923076923076923	0.7692307692307692	0.8076923076923076	0.846153846153846	0.8846153846153845	0.8846153846153845	0.9615384615384615	0.9615384615384615	0.9615384615384615	0.9615384615384615	0.9615384615384615	0.9615384615384615	0.9615384615384615	0.9615384615384615	0.9615384615384615	0.9615384615384615	0.9615384615384615	0.9615384615384615	0.9615384615384615	0.9615384615384615	0.9615384615384615	0.9615384615384615	0.9615384615384615	0.9615384615384615	0.9615384615384615	0.9615384615384615	0.9615384615384615	0.9615384615384615	0.9615384615384615	0.9615384615384615	0.9999999999999999	0.9999999999999999	0.9999999999999999	0.9999999999999999	0.9999999999999999	0.9999999999999999	0.9999999999999999	0.9999999999999999	0.9999999999999999	0.9999999999999999	0.9999999999999999	0.9999999999999999	0.9999999999999999	0.9999999999999999	0.9999999999999999	0.9999999999999999	0.9999999999999999	0.9999999999999999	0.9999999999999999	0.9999999999999999	0.9999999999999999	0.9999999999999999	0.9999999999999999	0.9999999999999999	0.9999999999999999	0.9999999999999999	0.9999999999999999	0.9999999999999999	0.9999999999999999	0.9999999999999999	0.9999999999999999	0.9999999999999999	0.9999999999999999	0.9999999999999999	0.9999999999999999	0.9999999999999999	0.9999999999999999	0.9999999999999999	0.9999999999999999	0.9999999999999999	0.9999999999999999	0.9999999999999999	0.9999999999999999	0.9999999999999999	0.9999999999999999	0.9999999999999999	0.9999999999999999	0.9999999999999999	0.9999999999999999	0.9999999999999999	0.9999999999999999	0.9999999999999999	0.9999999999999999	0.9999999999999999	0.9999999999999999	0.9999999999999999	0.9999999999999999	0.9999999999999999	0.9999999999999999	0.9999999999999999	0.9999999999999999	0.9999999999999999	0.9999999999999999	0.9999999999999999
se.healthstatus.2013.media-http-www	0.03571428571428571	0.03571428571428571	0.17857142857142855	0.24999999999999997	0.2857142857142857	0.3214285714285714	0.46428571428571425	0.6428571428571428	0.7142857142857142	0.8214285714285713	0.8928571428571427	0.8928571428571427	0.8928571428571427	0.8928571428571427	0.8928571428571427	0.9285714285714284	0.9642857142857141	0.9642857142857141	0.9642857142857141	0.9642857142857141	0.9642857142857141	0.9642857142857141	0.9642857142857141	0.9642857142857141	0.9642857142857141	0.9642857142857141	0.9642857142857141	0.9642857142857141	0.9642857142857141	0.9642857142857141	0.9642857142857141	0.9642857142857141	0.9642857142857141	0.9642857142857141	0.9642857142857141	0.9642857142857141	0.9642857142857141	0.9642857142857141	0.9999999999999998	0.9999999999999998	0.9999999999999998	0.9999999999999998	0.9999999999999998	0.9999999999999998	0.9999999999999998	0.9999999999999998	0.9999999999999998	0.9999999999999998	0.9999999999999998	0.9999999999999998	0.9999999999999998	0.9999999999999998	0.9999999999999998	0.9999999999999998	0.9999999999999998	0.9999999999999998	0.9999999999999998	0.9999999999999998	0.9999999999999998	0.9999999999999998	0.9999999999999998	0.9999999999999998	0.9999999999999998	0.9999999999999998	0.9999999999999998	0.9999999999999998	0.9999999999999998	0.9999999999999998	0.9999999999999998	0.9999999999999998	0.9999999999999998	0.9999999999999998	0.9999999999999998	0.9999999999999998	0.9999999999999998	0.9999999999999998	0.9999999999999998	0.9999999999999998	0.9999999999999998	0.9999999999999998	0.9999999999999998	0.9999999999999998	0.9999999999999998	0.9999999999999998	0.9999999999999998	0.9999999999999998	0.9999999999999998	0.9999999999999998	0.9999999999999998	0.9999999999999998	0.9999999999999998	0.9999999999999998	0.9999999999999998	0.9999999999999998	0.9999999999999998	0.9999999999999998	0.9999999999999998	0.9999999999999998	0.9999999999999998	0.9999999999999998	0.9999999999999998
se.healthstatus.2013.media-https	0	0	0	0.25	0.25	0.25	0.25	0.75	1	1	1	1	1	1	1	1	1	1	1	1	1	1	1	1	1	1	1	1	1	1	1	1	1	1	1	1	1	1	1	1	1	1	1	1	1	1	1	1	1	1	1	1	1	1	1	1	1	1	1	1	1	1	1	1	1	1	1	1	1	1	1	1	1	1	1	1	1	1	1	1	1	1	1	1	1	1	1	1	1	1	1	1	1	1	1	1	1	1	1	1	1
se.healthstatus.2013.media-https-www	0	0	0	0.2	0.4	0.6000000000000001	0.6000000000000001	0.8	0.8	1	1	1	1	1	1	1	1	1	1	1	1	1	1	1	1	1	1	1	1	1	1	1	1	1	1	1	1	1	1	1	1	1	1	1	1	1	1	1	1	1	1	1	1	1	1	1	1	1	1	1	1	1	1	1	1	1	1	1	1	1	1	1	1	1	1	1	1	1	1	1	1	1	1	1	1	1	1	1	1	1	1	1	1	1	1	1	1	1	1	1	1
se.healthstatus.2013.municipalities-http	0.07630522088353414	0.5783132530120483	0.815261044176707	0.9357429718875503	0.9879518072289157	1	1	1	1	1	1	1	1	1	1	1	1	1	1	1	1	1	1	1	1	1	1	1	1	1	1	1	1	1	1	1	1	1	1	1	1	1	1	1	1	1	1	1	1	1	1	1	1	1	1	1	1	1	1	1	1	1	1	1	1	1	1	1	1	1	1	1	1	1	1	1	1	1	1	1	1	1	1	1	1	1	1	1	1	1	1	1	1	1	1	1	1	1	1	1	1
se.healthstatus.2013.municipalities-http-www	0.08487084870848709	0.5904059040590406	0.8302583025830258	0.9446494464944649	0.985239852398524	1	1	1	1	1	1	1	1	1	1	1	1	1	1	1	1	1	1	1	1	1	1	1	1	1	1	1	1	1	1	1	1	1	1	1	1	1	1	1	1	1	1	1	1	1	1	1	1	1	1	1	1	1	1	1	1	1	1	1	1	1	1	1	1	1	1	1	1	1	1	1	1	1	1	1	1	1	1	1	1	1	1	1	1	1	1	1	1	1	1	1	1	1	1	1	1
se.healthstatus.2013.municipalities-https	0.11363636363636363	0.6590909090909091	0.8409090909090908	0.9545454545454545	0.9999999999999999	0.9999999999999999	0.9999999999999999	0.9999999999999999	0.9999999999999999	0.9999999999999999	0.9999999999999999	0.9999999999999999	0.9999999999999999	0.9999999999999999	0.9999999999999999	0.9999999999999999	0.9999999999999999	0.9999999999999999	0.9999999999999999	0.9999999999999999	0.9999999999999999	0.9999999999999999	0.9999999999999999	0.9999999999999999	0.9999999999999999	0.9999999999999999	0.9999999999999999	0.9999999999999999	0.9999999999999999	0.9999999999999999	0.9999999999999999	0.9999999999999999	0.9999999999999999	0.9999999999999999	0.9999999999999999	0.9999999999999999	0.9999999999999999	0.9999999999999999	0.9999999999999999	0.9999999999999999	0.9999999999999999	0.9999999999999999	0.9999999999999999	0.9999999999999999	0.9999999999999999	0.9999999999999999	0.9999999999999999	0.9999999999999999	0.9999999999999999	0.9999999999999999	0.9999999999999999	0.9999999999999999	0.9999999999999999	0.9999999999999999	0.9999999999999999	0.9999999999999999	0.9999999999999999	0.9999999999999999	0.9999999999999999	0.9999999999999999	0.9999999999999999	0.9999999999999999	0.9999999999999999	0.9999999999999999	0.9999999999999999	0.9999999999999999	0.9999999999999999	0.9999999999999999	0.9999999999999999	0.9999999999999999	0.9999999999999999	0.9999999999999999	0.9999999999999999	0.9999999999999999	0.9999999999999999	0.9999999999999999	0.9999999999999999	0.9999999999999999	0.9999999999999999	0.9999999999999999	0.9999999999999999	0.9999999999999999	0.9999999999999999	0.9999999999999999	0.9999999999999999	0.9999999999999999	0.9999999999999999	0.9999999999999999	0.9999999999999999	0.9999999999999999	0.9999999999999999	0.9999999999999999	0.9999999999999999	0.9999999999999999	0.9999999999999999	0.9999999999999999	0.9999999999999999	0.9999999999999999	0.9999999999999999	0.9999999999999999	0.9999999999999999
se.healthstatus.2013.municipalities-https-www	0.1111111111111111	0.6666666666666667	0.8333333333333334	0.962962962962963	1	1	1	1	1	1	1	1	1	1	1	1	1	1	1	1	1	1	1	1	1	1	1	1	1	1	1	1	1	1	1	1	1	1	1	1	1	1	1	1	1	1	1	1	1	1	1	1	1	1	1	1	1	1	1	1	1	1	1	1	1	1	1	1	1	1	1	1	1	1	1	1	1	1	1	1	1	1	1	1	1	1	1	1	1	1	1	1	1	1	1	1	1	1	1	1	1
se.healthstatus.2013.public-authorities-http	0.10588235294117647	0.7117647058823529	0.8705882352941176	0.9647058823529411	0.988235294117647	0.9941176470588234	0.9941176470588234	0.9941176470588234	0.9941176470588234	0.9941176470588234	0.9941176470588234	0.9941176470588234	0.9941176470588234	0.9999999999999999	0.9999999999999999	0.9999999999999999	0.9999999999999999	0.9999999999999999	0.9999999999999999	0.9999999999999999	0.9999999999999999	0.9999999999999999	0.9999999999999999	0.9999999999999999	0.9999999999999999	0.9999999999999999	0.9999999999999999	0.9999999999999999	0.9999999999999999	0.9999999999999999	0.9999999999999999	0.9999999999999999	0.9999999999999999	0.9999999999999999	0.9999999999999999	0.9999999999999999	0.9999999999999999	0.9999999999999999	0.9999999999999999	0.9999999999999999	0.9999999999999999	0.9999999999999999	0.9999999999999999	0.9999999999999999	0.9999999999999999	0.9999999999999999	0.9999999999999999	0.9999999999999999	0.9999999999999999	0.9999999999999999	0.9999999999999999	0.9999999999999999	0.9999999999999999	0.9999999999999999	0.9999999999999999	0.9999999999999999	0.9999999999999999	0.9999999999999999	0.9999999999999999	0.9999999999999999	0.9999999999999999	0.9999999999999999	0.9999999999999999	0.9999999999999999	0.9999999999999999	0.9999999999999999	0.9999999999999999	0.9999999999999999	0.9999999999999999	0.9999999999999999	0.9999999999999999	0.9999999999999999	0.9999999999999999	0.9999999999999999	0.9999999999999999	0.9999999999999999	0.9999999999999999	0.9999999999999999	0.9999999999999999	0.9999999999999999	0.9999999999999999	0.9999999999999999	0.9999999999999999	0.9999999999999999	0.9999999999999999	0.9999999999999999	0.9999999999999999	0.9999999999999999	0.9999999999999999	0.9999999999999999	0.9999999999999999	0.9999999999999999	0.9999999999999999	0.9999999999999999	0.9999999999999999	0.9999999999999999	0.9999999999999999	0.9999999999999999	0.9999999999999999	0.9999999999999999	0.9999999999999999
se.healthstatus.2013.public-authorities-http-www	0.12315270935960591	0.7339901477832512	0.8916256157635468	0.9753694581280788	0.9901477832512315	0.9950738916256158	0.9950738916256158	0.9950738916256158	0.9950738916256158	0.9950738916256158	0.9950738916256158	0.9950738916256158	0.9950738916256158	1	1	1	1	1	1	1	1	1	1	1	1	1	1	1	1	1	1	1	1	1	1	1	1	1	1	1	1	1	1	1	1	1	1	1	1	1	1	1	1	1	1	1	1	1	1	1	1	1	1	1	1	1	1	1	1	1	1	1	1	1	1	1	1	1	1	1	1	1	1	1	1	1	1	1	1	1	1	1	1	1	1	1	1	1	1	1	1
se.healthstatus.2013.public-authorities-https	0.2222222222222222	0.7777777777777778	0.8888888888888888	1	1	1	1	1	1	1	1	1	1	1	1	1	1	1	1	1	1	1	1	1	1	1	1	1	1	1	1	1	1	1	1	1	1	1	1	1	1	1	1	1	1	1	1	1	1	1	1	1	1	1	1	1	1	1	1	1	1	1	1	1	1	1	1	1	1	1	1	1	1	1	1	1	1	1	1	1	1	1	1	1	1	1	1	1	1	1	1	1	1	1	1	1	1	1	1	1	1
se.healthstatus.2013.public-authorities-https-www	0.05405405405405406	0.5675675675675675	0.7567567567567568	0.945945945945946	1	1	1	1	1	1	1	1	1	1	1	1	1	1	1	1	1	1	1	1	1	1	1	1	1	1	1	1	1	1	1	1	1	1	1	1	1	1	1	1	1	1	1	1	1	1	1	1	1	1	1	1	1	1	1	1	1	1	1	1	1	1	1	1	1	1	1	1	1	1	1	1	1	1	1	1	1	1	1	1	1	1	1	1	1	1	1	1	1	1	1	1	1	1	1	1	1
